Date,1-58,1-85,1-322,1-468,1-477,2-10,2-32,2-42,3-026,3-175,3-240,3-324,3-338,4-1,4-10,4-43,5-1,5-19,5-65,5-232,5-257,6-30,6-74,7-35,7-253,8-34,8-106,8-243,8-260,8-268
2016-01-01 00:00:00,3.769491525423729,4.711864406779661,0.8785714285714286,0.8785714285714286,0.8846153846153846,7.243299133062914,17.686475597472757,21.84063793821505,0.0,1.8847457627118644,7.538983050847458,41.46440677966102,60.57333333333333,24.0,39.648,1.1013333333333333,6.210177170131866,2.011059500110595,1.0,2.0,5.202681794739556,0.0,1.0,0.8785714285714286,0.8785714285714286,0.9380530973451328,0.9380530973451328,1.1111111111111112,12.222222222222223,21.11111111111111
2016-01-02 00:00:00,229.93898305084747,263.864406779661,26.357142857142858,71.16428571428571,42.46153846153846,384.9296110713434,1017.4925373134328,1268.8370611724933,265.0,183.76271186440678,470.2440677966102,622.9084745762711,3574.928,750.0,753.3119999999999,72.68799999999999,379.85583690639913,130.71886750718866,51.0,89.0,304.87715317173803,66.12298136645963,54.0,54.47142857142857,30.75,32.83185840707964,40.336283185840706,90.0,722.2222222222223,1251.1111111111113
2016-01-03 00:00:00,260.0949152542373,300.61694915254236,33.385714285714286,81.70714285714286,50.42307692307692,440.8064900978287,1161.0651039282118,1447.7222861902546,294.0,211.09152542372883,537.1525423728814,495.68813559322035,4084.845333333333,440.0,712.5626666666667,83.70133333333332,435.74743143758593,150.82946250829463,32.0,102.0,343.3769984528107,76.14161490683229,63.0,65.0142857142857,35.14285714285714,37.52212389380531,45.02654867256637,100.0,822.2222222222223,1430.0
2016-01-04 00:00:00,262.9220338983051,304.3864406779661,33.385714285714286,81.70714285714286,52.19230769230769,448.0497892308917,1178.7515795256845,1464.3627722384185,303.0,214.86101694915254,545.6338983050848,628.5627118644068,4137.709333333333,342.0,785.2506666666666,83.70133333333332,440.9225790793625,151.83499225834993,56.0,103.0,348.5796802475503,81.15093167701862,65.0,66.77142857142857,36.02142857142857,37.52212389380531,45.9646017699115,101.11111111111111,833.3333333333334,1448.888888888889
2016-01-05 00:00:00,285.53898305084743,332.6576271186441,37.778571428571425,85.22142857142858,53.96153846153846,484.26628489620623,1277.5877666880322,1593.3265391116884,296.0,232.76610169491525,591.8101694915255,386.3728813559322,4482.426666666666,339.0,564.9839999999999,90.30933333333333,475.0785535150878,165.9124087591241,50.0,114.0,375.633625580196,57.10621118012422,69.0,68.52857142857142,37.778571428571425,43.150442477876105,48.7787610619469,112.22222222222223,905.5555555555557,1566.6666666666667
2016-01-06 00:00:00,262.9220338983051,304.3864406779661,33.385714285714286,81.70714285714286,52.19230769230769,448.0497892308917,1178.7515795256845,1464.3627722384185,261.0,214.86101694915254,545.6338983050848,263.864406779661,4137.709333333333,326.0,538.5519999999999,83.70133333333332,440.9225790793625,151.83499225834993,47.0,103.0,348.5796802475503,103.1919254658385,65.0,66.77142857142857,36.02142857142857,37.52212389380531,45.9646017699115,101.11111111111111,833.3333333333334,1448.888888888889
2016-01-07 00:00:00,255.38305084745764,296.8474576271187,33.385714285714286,81.70714285714286,50.42307692307692,435.63270500278384,1148.5805329182308,1425.8816482520397,257.0,203.55254237288136,530.5559322033898,410.87457627118647,4030.8799999999997,336.0,585.9093333333333,83.70133333333332,429.5372542674541,147.81287325812872,53.0,102.0,339.2148530170191,72.13416149068323,63.0,64.13571428571429,35.14285714285714,36.584070796460175,45.02654867256637,98.88888888888889,811.1111111111111,1411.111111111111
2016-01-08 00:00:00,241.24745762711865,283.6542372881356,30.75,73.8,48.65384615384615,413.9028076035951,1081.9961541983334,1347.8793699012715,278.0,191.30169491525425,502.28474576271185,489.09152542372885,3810.6133333333332,382.0,678.4213333333333,78.19466666666666,403.6615160585713,138.76310550763105,24.0,96.0,321.5257349149046,21.039130434782606,61.0,58.864285714285714,33.385714285714286,34.70796460176991,43.150442477876105,92.22222222222223,767.7777777777778,1331.111111111111
2016-01-09 00:00:00,229.93898305084747,263.864406779661,26.357142857142858,71.16428571428571,42.46153846153846,384.9296110713434,1020.613680065928,1272.9971826845342,370.0,183.76271186440678,471.1864406779661,462.70508474576275,3585.941333333333,402.0,659.6986666666667,72.68799999999999,379.85583690639913,130.71886750718866,32.0,89.0,304.87715317173803,42.07826086956521,54.0,54.47142857142857,30.75,32.83185840707964,40.336283185840706,90.0,725.5555555555555,1255.5555555555557
2016-01-10 00:00:00,260.0949152542373,300.61694915254236,33.385714285714286,81.70714285714286,50.42307692307692,440.8064900978287,1161.0651039282118,1447.7222861902546,245.0,211.09152542372883,537.1525423728814,304.3864406779661,4084.845333333333,439.0,624.456,83.70133333333332,435.74743143758593,150.82946250829463,36.0,102.0,343.3769984528107,66.12298136645963,63.0,65.0142857142857,35.14285714285714,37.52212389380531,45.02654867256637,100.0,822.2222222222223,1430.0
2016-01-11 00:00:00,262.9220338983051,304.3864406779661,33.385714285714286,81.70714285714286,52.19230769230769,448.0497892308917,1178.7515795256845,1464.3627722384185,299.0,214.86101694915254,545.6338983050848,451.3966101694915,4137.709333333333,394.0,601.328,83.70133333333332,440.9225790793625,151.83499225834993,35.0,103.0,348.5796802475503,34.06335403726708,65.0,66.77142857142857,36.02142857142857,37.52212389380531,45.9646017699115,101.11111111111111,833.3333333333334,1448.888888888889
2016-01-12 00:00:00,285.53898305084743,332.6576271186441,37.778571428571425,85.22142857142858,53.96153846153846,484.26628489620623,1277.5877666880322,1593.3265391116884,270.0,232.76610169491525,591.8101694915255,374.1220338983051,4482.426666666666,322.0,505.51199999999994,90.30933333333333,475.0785535150878,165.9124087591241,20.0,114.0,375.633625580196,25.046583850931675,69.0,68.52857142857142,37.778571428571425,43.150442477876105,48.7787610619469,112.22222222222223,905.5555555555557,1566.6666666666667
2016-01-13 00:00:00,262.9220338983051,304.3864406779661,33.385714285714286,81.70714285714286,52.19230769230769,448.0497892308917,1178.7515795256845,1464.3627722384185,315.0,214.86101694915254,545.6338983050848,291.19322033898305,4137.709333333333,352.0,656.3946666666667,83.70133333333332,440.9225790793625,151.83499225834993,21.0,103.0,348.5796802475503,43.08012422360248,65.0,66.77142857142857,36.02142857142857,37.52212389380531,45.9646017699115,101.11111111111111,833.3333333333334,1448.888888888889
2016-01-14 00:00:00,255.38305084745764,296.8474576271187,33.385714285714286,81.70714285714286,50.42307692307692,435.63270500278384,1148.5805329182308,1425.8816482520397,287.0,203.55254237288136,530.5559322033898,503.22711864406784,4030.8799999999997,352.0,709.2586666666666,83.70133333333332,429.5372542674541,147.81287325812872,17.0,102.0,339.2148530170191,46.08571428571428,63.0,64.13571428571429,35.14285714285714,36.584070796460175,45.02654867256637,98.88888888888889,811.1111111111111,1411.111111111111
2016-01-15 00:00:00,241.24745762711865,283.6542372881356,30.75,73.8,48.65384615384615,413.9028076035951,1081.9961541983334,1347.8793699012715,331.0,191.30169491525425,502.28474576271185,634.2169491525424,3810.6133333333332,388.0,587.0106666666667,78.19466666666666,403.6615160585713,138.76310550763105,20.0,96.0,321.5257349149046,18.033540372670807,61.0,58.864285714285714,33.385714285714286,34.70796460176991,43.150442477876105,92.22222222222223,767.7777777777778,1331.111111111111
2016-01-16 00:00:00,229.93898305084747,263.864406779661,26.357142857142858,71.16428571428571,42.46153846153846,384.9296110713434,1020.613680065928,1272.9971826845342,357.0,183.76271186440678,471.1864406779661,511.7084745762712,3585.941333333333,419.0,538.5519999999999,72.68799999999999,379.85583690639913,130.71886750718866,42.0,89.0,304.87715317173803,44.08198757763975,54.0,54.47142857142857,30.75,32.83185840707964,40.336283185840706,90.0,725.5555555555555,1255.5555555555557
2016-01-17 00:00:00,260.0949152542373,300.61694915254236,33.385714285714286,81.70714285714286,50.42307692307692,440.8064900978287,1161.0651039282118,1447.7222861902546,305.0,211.09152542372883,537.1525423728814,399.5661016949153,4084.845333333333,368.0,557.2746666666667,83.70133333333332,435.74743143758593,150.82946250829463,83.0,102.0,343.3769984528107,60.11180124223602,63.0,65.0142857142857,35.14285714285714,37.52212389380531,45.02654867256637,100.0,822.2222222222223,1430.0
2016-01-18 00:00:00,262.9220338983051,304.3864406779661,33.385714285714286,81.70714285714286,52.19230769230769,448.0497892308917,1178.7515795256845,1464.3627722384185,274.0,214.86101694915254,545.6338983050848,473.071186440678,4137.709333333333,345.0,596.9226666666666,83.70133333333332,440.9225790793625,151.83499225834993,55.0,103.0,348.5796802475503,36.06708074534161,65.0,66.77142857142857,36.02142857142857,37.52212389380531,45.9646017699115,101.11111111111111,833.3333333333334,1448.888888888889
2016-01-19 00:00:00,285.53898305084743,332.6576271186441,37.778571428571425,85.22142857142858,53.96153846153846,484.26628489620623,1277.5877666880322,1593.3265391116884,300.0,232.76610169491525,591.8101694915255,499.4576271186441,4482.426666666666,352.0,617.848,90.30933333333333,475.0785535150878,165.9124087591241,53.0,114.0,375.633625580196,28.052173913043475,69.0,68.52857142857142,37.778571428571425,43.150442477876105,48.7787610619469,112.22222222222223,905.5555555555557,1566.6666666666667
2016-01-20 00:00:00,262.9220338983051,304.3864406779661,33.385714285714286,81.70714285714286,52.19230769230769,448.0497892308917,1178.7515795256845,1464.3627722384185,309.0,214.86101694915254,545.6338983050848,491.9186440677966,4137.709333333333,324.0,600.2266666666667,83.70133333333332,440.9225790793625,151.83499225834993,32.0,103.0,348.5796802475503,39.07267080745341,65.0,66.77142857142857,36.02142857142857,37.52212389380531,45.9646017699115,101.11111111111111,833.3333333333334,1448.888888888889
2016-01-21 00:00:00,255.38305084745764,296.8474576271187,33.385714285714286,81.70714285714286,50.42307692307692,435.63270500278384,1148.5805329182308,1425.8816482520397,351.0,203.55254237288136,530.5559322033898,537.1525423728814,4030.8799999999997,351.0,648.6853333333333,83.70133333333332,429.5372542674541,147.81287325812872,37.0,102.0,339.2148530170191,61.11366459627329,63.0,64.13571428571429,35.14285714285714,36.584070796460175,45.02654867256637,98.88888888888889,811.1111111111111,1411.111111111111
2016-01-22 00:00:00,241.24745762711865,283.6542372881356,30.75,73.8,48.65384615384615,413.9028076035951,1081.9961541983334,1347.8793699012715,364.0,191.30169491525425,502.28474576271185,516.4203389830509,3810.6133333333332,451.0,712.5626666666666,78.19466666666666,403.6615160585713,138.76310550763105,37.0,96.0,321.5257349149046,46.08571428571428,61.0,58.864285714285714,33.385714285714286,34.70796460176991,43.150442477876105,92.22222222222223,767.7777777777778,1331.111111111111
2016-01-23 00:00:00,229.93898305084747,263.864406779661,26.357142857142858,71.16428571428571,42.46153846153846,384.9296110713434,1020.613680065928,1272.9971826845342,337.0,183.76271186440678,471.1864406779661,507.93898305084747,3585.941333333333,536.0,773.136,72.68799999999999,379.85583690639913,130.71886750718866,37.0,89.0,304.87715317173803,46.08571428571428,54.0,54.47142857142857,30.75,32.83185840707964,40.336283185840706,90.0,725.5555555555555,1255.5555555555557
2016-01-24 00:00:00,260.0949152542373,300.61694915254236,33.385714285714286,81.70714285714286,50.42307692307692,440.8064900978287,1161.0651039282118,1447.7222861902546,262.0,211.09152542372883,537.1525423728814,380.7186440677966,4084.845333333333,450.0,658.5973333333333,83.70133333333332,435.74743143758593,150.82946250829463,64.0,102.0,343.3769984528107,56.10434782608695,63.0,65.0142857142857,35.14285714285714,37.52212389380531,45.02654867256637,100.0,822.2222222222223,1430.0
2016-01-25 00:00:00,262.9220338983051,304.3864406779661,33.385714285714286,81.70714285714286,52.19230769230769,448.0497892308917,1178.7515795256845,1464.3627722384185,238.0,214.86101694915254,545.6338983050848,472.12881355932205,4137.709333333333,355.0,634.3679999999999,83.70133333333332,440.9225790793625,151.83499225834993,64.0,103.0,348.5796802475503,59.10993788819875,65.0,66.77142857142857,36.02142857142857,37.52212389380531,45.9646017699115,101.11111111111111,833.3333333333334,1448.888888888889
2016-01-26 00:00:00,285.53898305084743,332.6576271186441,37.778571428571425,85.22142857142858,53.96153846153846,484.26628489620623,1277.5877666880322,1593.3265391116884,234.0,232.76610169491525,591.8101694915255,472.12881355932205,4482.426666666666,285.0,613.4426666666666,90.30933333333333,475.0785535150878,165.9124087591241,46.0,114.0,375.633625580196,35.065217391304344,69.0,68.52857142857142,37.778571428571425,43.150442477876105,48.7787610619469,112.22222222222223,905.5555555555557,1566.6666666666667
2016-01-27 00:00:00,262.9220338983051,304.3864406779661,33.385714285714286,81.70714285714286,52.19230769230769,448.0497892308917,1178.7515795256845,1464.3627722384185,257.0,214.86101694915254,545.6338983050848,570.135593220339,4137.709333333333,355.0,657.496,83.70133333333332,440.9225790793625,151.83499225834993,36.0,103.0,348.5796802475503,39.07267080745341,65.0,66.77142857142857,36.02142857142857,37.52212389380531,45.9646017699115,101.11111111111111,833.3333333333334,1448.888888888889
2016-01-28 00:00:00,255.38305084745764,296.8474576271187,33.385714285714286,81.70714285714286,50.42307692307692,435.63270500278384,1148.5805329182308,1425.8816482520397,278.0,203.55254237288136,530.5559322033898,553.1728813559322,4030.8799999999997,363.0,707.0559999999999,83.70133333333332,429.5372542674541,147.81287325812872,47.0,102.0,339.2148530170191,52.09689440993788,63.0,64.13571428571429,35.14285714285714,36.584070796460175,45.02654867256637,98.88888888888889,811.1111111111111,1411.111111111111
2016-01-29 00:00:00,241.24745762711865,283.6542372881356,30.75,73.8,48.65384615384615,413.9028076035951,1081.9961541983334,1347.8793699012715,362.0,191.30169491525425,502.28474576271185,673.7966101694915,3810.6133333333332,446.0,867.8506666666666,75.99199999999999,403.6615160585713,138.76310550763105,37.0,96.0,321.5257349149046,47.08757763975155,61.0,58.864285714285714,33.385714285714286,34.70796460176991,43.150442477876105,92.22222222222223,767.7777777777778,1331.111111111111
2016-01-30 00:00:00,229.93898305084747,263.864406779661,26.357142857142858,71.16428571428571,42.46153846153846,384.9296110713434,1020.613680065928,1272.9971826845342,386.0,183.76271186440678,471.1864406779661,582.3864406779661,3585.941333333333,552.0,678.4213333333333,125.552,379.85583690639913,130.71886750718866,63.0,89.0,304.87715317173803,68.12670807453415,54.0,54.47142857142857,30.75,32.83185840707964,40.336283185840706,90.0,725.5555555555555,1255.5555555555557
2016-01-31 00:00:00,260.0949152542373,300.61694915254236,33.385714285714286,81.70714285714286,50.42307692307692,440.8064900978287,1161.0651039282118,1447.7222861902546,318.0,212.03389830508476,537.1525423728814,441.0305084745763,4084.845333333333,539.0,711.4613333333333,299.56266666666664,435.74743143758593,150.82946250829463,72.0,102.0,343.3769984528107,74.13788819875776,63.0,65.0142857142857,35.14285714285714,37.52212389380531,45.02654867256637,100.0,822.2222222222223,1430.0
2016-02-01 00:00:00,329.3229974160207,385.7519379844961,48.32142857142857,104.55,67.23076923076924,579.6610169491527,1518.3329856040057,1887.2775729131743,239.0,268.2687338501292,689.1731266149872,510.6356589147287,4963.748290013679,344.0,612.5170998632011,305.7455540355677,570.1563626282228,202.71886936592819,61.0,132.0,448.019971969166,56.23375074537865,83.0,82.58571428571429,50.07857142857143,47.84070796460177,60.97345132743363,128.88888888888889,1074.4444444444446,1862.2222222222224
2016-02-02 00:00:00,358.0,418.1291989664083,51.83571428571428,112.45714285714286,71.65384615384616,625.3690541279389,1649.367202169831,2052.700469326181,362.0,290.4702842377261,744.6770025839794,580.015503875969,5379.274965800273,357.0,594.0492476060191,385.7729138166894,614.813418353202,222.27043544690602,58.0,147.0,484.23405746320947,26.108527131782946,89.0,86.1,52.71428571428571,55.34513274336283,64.72566371681415,143.33333333333334,1162.2222222222222,2020.0000000000002
2016-02-03 00:00:00,329.3229974160207,385.7519379844961,48.32142857142857,104.55,67.23076923076924,579.6610169491527,1518.3329856040057,1887.2775729131743,319.0,268.2687338501292,689.1731266149872,561.5142118863049,4963.748290013679,367.0,663.8166894664843,437.07250341997263,570.1563626282228,202.71886936592819,26.0,132.0,448.019971969166,46.19200954084675,83.0,82.58571428571429,50.07857142857143,47.84070796460177,60.97345132743363,128.88888888888889,1074.4444444444446,1862.2222222222224
2016-02-04 00:00:00,320.99741602067184,374.6511627906977,46.56428571428572,101.91428571428571,65.46153846153847,564.0787315472937,1473.6149593156686,1839.4193764666438,344.0,259.9431524547804,669.7467700258399,561.5142118863049,4834.473324213406,352.0,678.1805745554035,516.0738714090287,554.5783199334627,197.5737203972498,25.0,130.0,435.603714085494,45.187835420393554,81.0,81.70714285714286,49.199999999999996,47.84070796460177,59.097345132743364,127.77777777777779,1052.2222222222222,1818.8888888888891
2016-02-05 00:00:00,303.421188630491,356.1498708010336,40.41428571428571,93.12857142857143,60.15384615384615,530.8365226899946,1395.6184018360107,1741.622192423734,382.0,247.91731266149873,634.5943152454781,537.4625322997416,4569.767441860465,404.0,715.1162790697674,508.891928864569,524.460770723593,185.22536287242167,33.0,121.0,413.87526278906796,55.22957662492546,79.0,74.67857142857143,46.56428571428572,45.02654867256637,57.2212389380531,121.11111111111111,990.0000000000001,1715.5555555555557
2016-02-06 00:00:00,288.6201550387597,333.9483204134367,37.778571428571425,88.73571428571428,54.84615384615385,497.59431383269555,1314.5019820571665,1640.7038216560506,432.0,234.96640826873386,600.3669250645995,475.483204134367,4297.879616963064,562.0,660.7387140902872,483.24213406292745,492.2661491544219,174.93506493506493,78.0,115.0,384.90399439383316,62.258795468097794,71.0,71.16428571428571,42.17142857142857,44.08849557522124,50.65486725663717,113.33333333333334,933.3333333333334,1614.4444444444446
2016-02-07 00:00:00,327.47286821705427,380.2015503875969,46.56428571428572,103.67142857142858,67.23076923076924,570.3116457080373,1497.5339036094304,1866.4696614146828,326.0,264.56847545219637,680.8475452196383,422.75452196382435,4899.110807113542,562.0,607.3871409028727,381.66894664842675,563.9251455503188,200.6608097784568,80.0,130.0,440.7771548703573,191.79725700655933,81.0,81.70714285714286,50.07857142857143,47.84070796460177,59.097345132743364,128.88888888888889,1067.7777777777778,1842.2222222222222
2016-02-08 00:00:00,329.3229974160207,385.7519379844961,48.32142857142857,104.55,67.23076923076924,579.6610169491527,1518.3329856040057,1887.2775729131743,390.0,268.2687338501292,689.1731266149872,465.3074935400517,4963.748290013679,406.0,613.5430916552667,151.84678522571818,570.1563626282228,202.71886936592819,81.0,132.0,448.019971969166,115.48002385211687,83.0,82.58571428571429,50.07857142857143,47.84070796460177,60.97345132743363,128.88888888888889,1074.4444444444446,1862.2222222222224
2016-02-09 00:00:00,358.0,418.1291989664083,51.83571428571428,112.45714285714286,71.65384615384616,625.3690541279389,1649.367202169831,2052.700469326181,342.0,290.4702842377261,744.6770025839794,519.8863049095607,5379.274965800273,435.0,691.5184678522571,499.6580027359781,614.813418353202,222.27043544690602,85.0,147.0,484.23405746320947,51.2128801431127,89.0,86.1,52.71428571428571,55.34513274336283,64.72566371681415,143.33333333333334,1162.2222222222222,2020.0000000000002
2016-02-10 00:00:00,329.3229974160207,385.7519379844961,48.32142857142857,104.55,67.23076923076924,579.6610169491527,1518.3329856040057,1887.2775729131743,289.0,268.2687338501292,689.1731266149872,542.0878552971576,4963.748290013679,592.0,746.9220246238029,432.96853625170996,570.1563626282228,202.71886936592819,81.0,132.0,448.019971969166,42.17531305903399,83.0,82.58571428571429,50.07857142857143,47.84070796460177,60.97345132743363,128.88888888888889,1074.4444444444446,1862.2222222222224
2016-02-11 00:00:00,320.99741602067184,374.6511627906977,46.56428571428572,101.91428571428571,65.46153846153847,564.0787315472937,1473.6149593156686,1839.4193764666438,359.0,259.9431524547804,669.7467700258399,613.3178294573644,4834.473324213406,654.0,682.2845417236662,490.42407660738706,554.5783199334627,197.5737203972498,79.0,130.0,435.603714085494,81.3381037567084,81.0,81.70714285714286,49.199999999999996,47.84070796460177,59.097345132743364,127.77777777777779,1052.2222222222222,1818.8888888888891
2016-02-12 00:00:00,303.421188630491,356.1498708010336,40.41428571428571,93.12857142857143,60.15384615384615,530.8365226899946,1395.6184018360107,1741.622192423734,379.0,247.91731266149873,634.5943152454781,682.6976744186047,4569.767441860465,815.0,561.2175102599178,496.58002735978107,524.460770723593,185.22536287242167,74.0,121.0,413.87526278906796,64.26714370900417,79.0,74.67857142857143,46.56428571428572,45.02654867256637,57.2212389380531,121.11111111111111,990.0000000000001,1715.5555555555557
2016-02-13 00:00:00,288.6201550387597,333.9483204134367,37.778571428571425,88.73571428571428,54.84615384615385,497.59431383269555,1314.5019820571665,1640.7038216560506,428.0,234.96640826873386,600.3669250645995,562.4392764857881,4297.879616963064,978.0,711.0123119015047,518.12585499316,492.2661491544219,174.93506493506493,68.0,115.0,384.90399439383316,12.050089445438282,71.0,71.16428571428571,42.17142857142857,44.08849557522124,50.65486725663717,113.33333333333334,933.3333333333334,1614.4444444444446
2016-02-14 00:00:00,327.47286821705427,380.2015503875969,46.56428571428572,103.67142857142858,67.23076923076924,570.3116457080373,1497.5339036094304,1866.4696614146828,421.0,264.56847545219637,680.8475452196383,507.8604651162791,4899.110807113542,997.0,453.48837209302326,488.3720930232558,563.9251455503188,200.6608097784568,80.0,130.0,440.7771548703573,2.0083482409063804,81.0,81.70714285714286,50.07857142857143,47.84070796460177,59.097345132743364,128.88888888888889,1067.7777777777778,1842.2222222222222
2016-02-15 00:00:00,329.3229974160207,385.7519379844961,48.32142857142857,104.55,67.23076923076924,579.6610169491527,1518.3329856040057,1887.2775729131743,375.0,268.2687338501292,689.1731266149872,456.0568475452197,4963.748290013679,817.0,663.8166894664843,500.68399452804374,570.1563626282228,202.71886936592819,81.0,132.0,448.019971969166,10.041741204531903,83.0,82.58571428571429,50.07857142857143,47.84070796460177,60.97345132743363,128.88888888888889,1074.4444444444446,1862.2222222222224
2016-02-16 00:00:00,358.0,418.1291989664083,51.83571428571428,112.45714285714286,71.65384615384616,625.3690541279389,1649.367202169831,2052.700469326181,353.0,290.4702842377261,744.6770025839794,525.43669250646,5379.274965800273,872.0,610.4651162790698,422.70861833105334,614.813418353202,222.27043544690602,85.0,147.0,484.23405746320947,0.0,89.0,86.1,52.71428571428571,55.34513274336283,64.72566371681415,143.33333333333334,1162.2222222222222,2020.0000000000002
2016-02-17 00:00:00,329.3229974160207,385.7519379844961,48.32142857142857,104.55,67.23076923076924,579.6610169491527,1518.3329856040057,1887.2775729131743,334.0,268.2687338501292,689.1731266149872,570.764857881137,4963.748290013679,860.0,636.1149110807113,398.0848153214774,570.1563626282228,202.71886936592819,81.0,132.0,448.019971969166,6.025044722719141,83.0,82.58571428571429,50.07857142857143,47.84070796460177,60.97345132743363,128.88888888888889,1074.4444444444446,1862.2222222222224
2016-02-18 00:00:00,320.99741602067184,374.6511627906977,46.56428571428572,101.91428571428571,65.46153846153847,564.0787315472937,1473.6149593156686,1839.4193764666438,388.0,259.9431524547804,669.7467700258399,581.8656330749354,4834.473324213406,865.0,738.7140902872776,302.6675786593707,554.5783199334627,197.5737203972498,79.0,130.0,435.603714085494,0.0,81.0,81.70714285714286,49.199999999999996,47.84070796460177,59.097345132743364,127.77777777777779,1052.2222222222222,1818.8888888888891
2016-02-19 00:00:00,303.421188630491,356.1498708010336,40.41428571428571,93.12857142857143,60.15384615384615,530.8365226899946,1395.6184018360107,1741.622192423734,456.0,247.91731266149873,634.5943152454781,612.3927648578812,4569.767441860465,876.0,713.0642954856361,291.3816689466484,524.460770723593,185.22536287242167,74.0,121.0,413.87526278906796,2.0083482409063804,79.0,74.67857142857143,46.56428571428572,45.02654867256637,57.2212389380531,121.11111111111111,990.0000000000001,1715.5555555555557
2016-02-20 00:00:00,288.6201550387597,333.9483204134367,37.778571428571425,88.73571428571428,54.84615384615385,497.59431383269555,1314.5019820571665,1640.7038216560506,499.0,234.96640826873386,600.3669250645995,505.0852713178295,4297.879616963064,1021.0,719.2202462380301,283.1737346101231,492.2661491544219,174.93506493506493,68.0,115.0,384.90399439383316,0.0,71.0,71.16428571428571,42.17142857142857,44.08849557522124,50.65486725663717,113.33333333333334,933.3333333333334,1614.4444444444446
2016-02-21 00:00:00,327.47286821705427,380.2015503875969,46.56428571428572,103.67142857142858,67.23076923076924,570.3116457080373,1497.5339036094304,1866.4696614146828,400.0,264.56847545219637,680.8475452196383,489.359173126615,4899.110807113542,1057.0,399.11080711354305,307.797537619699,563.9251455503188,200.6608097784568,80.0,130.0,440.7771548703573,62.258795468097794,81.0,81.70714285714286,50.07857142857143,47.84070796460177,59.097345132743364,128.88888888888889,1067.7777777777778,1842.2222222222222
2016-02-22 00:00:00,329.3229974160207,385.7519379844961,48.32142857142857,104.55,67.23076923076924,579.6610169491527,1518.3329856040057,1887.2775729131743,391.0,268.2687338501292,689.1731266149872,485.6589147286822,4963.748290013679,817.0,549.9316005471956,271.8878248974008,570.1563626282228,202.71886936592819,81.0,132.0,448.019971969166,103.4299344066786,83.0,82.58571428571429,50.07857142857143,47.84070796460177,60.97345132743363,128.88888888888889,1074.4444444444446,1862.2222222222224
2016-02-23 00:00:00,358.0,418.1291989664083,51.83571428571428,112.45714285714286,71.65384615384616,625.3690541279389,1649.367202169831,2052.700469326181,414.0,290.4702842377261,744.6770025839794,524.5116279069767,5379.274965800273,941.0,661.7647058823529,288.3036935704514,614.813418353202,222.27043544690602,85.0,147.0,484.23405746320947,109.45497912939773,89.0,86.1,52.71428571428571,55.34513274336283,64.72566371681415,143.33333333333334,1162.2222222222222,2020.0000000000002
2016-02-24 00:00:00,329.3229974160207,385.7519379844961,48.32142857142857,104.55,67.23076923076924,579.6610169491527,1518.3329856040057,1887.2775729131743,363.0,268.2687338501292,689.1731266149872,573.5400516795867,4963.748290013679,870.0,556.0875512995896,290.35567715458274,570.1563626282228,202.71886936592819,81.0,132.0,448.019971969166,120.50089445438283,83.0,82.58571428571429,50.07857142857143,30.017699115044245,71.29203539823008,128.88888888888889,1074.4444444444446,1862.2222222222224
2016-02-25 00:00:00,320.99741602067184,374.6511627906977,46.56428571428572,101.91428571428571,65.46153846153847,564.0787315472937,1473.6149593156686,1839.4193764666438,394.0,259.9431524547804,669.7467700258399,608.6925064599484,4834.473324213406,981.0,529.4117647058823,188.78248974008204,554.5783199334627,197.5737203972498,79.0,130.0,435.603714085494,132.55098389982112,81.0,81.70714285714286,49.199999999999996,24.38938053097345,87.23893805309734,127.77777777777779,1052.2222222222222,1818.8888888888891
2016-02-26 00:00:00,303.421188630491,356.1498708010336,40.41428571428571,93.12857142857143,60.15384615384615,530.8365226899946,1395.6184018360107,1741.622192423734,483.0,247.91731266149873,634.5943152454781,778.9043927648579,4569.767441860465,1005.0,598.1532147742818,21.54582763337893,524.460770723593,185.22536287242167,74.0,121.0,413.87526278906796,89.37149672033392,79.0,74.67857142857143,46.56428571428572,21.575221238938052,97.5575221238938,121.11111111111111,990.0000000000001,1715.5555555555557
2016-02-27 00:00:00,288.6201550387597,333.9483204134367,37.778571428571425,88.73571428571428,54.84615384615385,497.59431383269555,1314.5019820571665,1640.7038216560506,560.0,234.96640826873386,600.3669250645995,627.1937984496125,4297.879616963064,1039.0,525.3077975376196,48.22161422708618,492.2661491544219,174.93506493506493,68.0,115.0,384.90399439383316,105.43828264758497,71.0,71.16428571428571,42.17142857142857,24.38938053097345,71.29203539823008,113.33333333333334,933.3333333333334,1614.4444444444446
2016-02-28 00:00:00,327.47286821705427,380.2015503875969,46.56428571428572,103.67142857142858,67.23076923076924,570.3116457080373,1497.5339036094304,1866.4696614146828,427.0,264.56847545219637,680.8475452196383,530.062015503876,4899.110807113542,1016.0,454.51436388508887,51.29958960328317,563.9251455503188,200.6608097784568,80.0,130.0,440.7771548703573,98.40906380441264,81.0,81.70714285714286,50.07857142857143,24.38938053097345,79.73451327433628,128.88888888888889,1067.7777777777778,1842.2222222222222
2016-02-29 00:00:00,329.3229974160207,385.7519379844961,48.32142857142857,104.55,67.23076923076924,579.6610169491527,1518.3329856040057,1887.2775729131743,302.0,268.2687338501292,689.1731266149872,485.6589147286822,4963.748290013679,881.0,549.9316005471956,271.8878248974008,570.1563626282228,202.71886936592819,81.0,132.0,448.019971969166,103.4299344066786,83.0,82.58571428571429,50.07857142857143,47.84070796460177,60.97345132743363,128.88888888888889,1074.4444444444446,1862.2222222222224
2016-03-01 00:00:00,384.60176991150445,447.4513274336283,52.71428571428571,118.60714285714286,72.53846153846153,660.8756965280754,1742.190232624752,2165.820956039266,454.0,312.3716814159292,804.8495575221239,573.1504424778761,5537.276885043263,823.0,538.6650185414092,228.433868974042,655.8592359453007,239.69216975493129,91.0,155.42377983229412,510.73943613428,108.7891440501044,96.0,91.37142857142857,56.22857142857143,31.89380530973451,66.60176991150443,151.11111111111111,1231.1111111111113,2136.666666666667
2016-03-02 00:00:00,417.43362831858406,493.4159292035398,57.107142857142854,128.27142857142857,82.26923076923077,721.1442348906986,1885.8116496511652,2355.239223218097,372.0,333.94690265486724,870.5132743362832,564.70796460177,6003.122373300371,906.0,734.1804697156985,242.3992583436341,710.9472541784241,260.5349671249253,101.0,171.57170500967533,558.3946370717584,149.08141962421715,103.0,101.91428571428571,62.378571428571426,30.017699115044245,79.73451327433628,164.44444444444446,1340.0,2318.888888888889
2016-03-03 00:00:00,384.60176991150445,447.4513274336283,52.71428571428571,118.60714285714286,72.53846153846153,660.8756965280754,1742.190232624752,2165.820956039266,408.0,311.43362831858406,804.8495575221239,649.1327433628319,5537.276885043263,903.0,521.707045735476,244.39431396786156,655.8592359453007,239.69216975493129,91.0,155.42377983229412,510.73943613428,80.58455114822549,96.0,91.37142857142857,56.22857142857143,29.079646017699112,87.23893805309734,151.11111111111111,1231.1111111111113,2136.666666666667
2016-03-04 00:00:00,376.15929203539827,437.13274336283183,51.83571428571428,116.85000000000001,71.65384615384616,644.2498928418345,1696.3978967612582,2116.9052496798977,437.0,302.9911504424779,784.212389380531,738.2477876106194,5392.635352286774,941.0,580.5611866501854,379.0605686032138,635.0713045365749,233.43933054393307,89.0,152.39604386153516,497.27166195629695,0.0,92.0,89.61428571428571,54.47142857142857,27.203539823008846,70.35398230088497,144.44444444444446,1200.0,2082.222222222222
2016-03-05 00:00:00,350.83185840707966,413.6814159292035,50.07857142857143,108.94285714285715,69.0,608.9200600085726,1602.7317552222928,2000.3401621852329,479.0,287.04424778761063,739.1858407079646,721.362831858407,5096.369592088999,1046.0,628.442521631644,253.37206427688506,601.8106142826134,216.76509264793785,83.0,143.31283594925821,470.33611360033086,110.80375782881005,87.0,85.22142857142858,52.71428571428571,24.38938053097345,73.16814159292035,135.55555555555557,1133.3333333333335,1968.888888888889
2016-03-06 00:00:00,332.070796460177,389.2920353982301,47.44285714285714,104.55,67.23076923076924,575.6684526360908,1508.0248787773392,1877.5305164319252,436.0,269.2212389380531,696.0353982300885,611.6106194690266,4800.103831891224,1043.0,433.9245982694685,300.2558714462299,568.5499240286521,204.25941422594144,81.0,132.21113738980864,445.472530502516,156.1325678496869,83.0,82.58571428571429,50.07857142857143,30.017699115044245,81.61061946902655,128.88888888888889,1067.7777777777778,1856.6666666666667
2016-03-07 00:00:00,379.9115044247788,441.82300884955754,52.71428571428571,118.60714285714286,72.53846153846153,655.6801328761251,1715.131125069051,2142.9242424242425,466.0,307.6814159292035,793.5929203539823,589.0973451327434,5457.4746600741655,890.0,379.0605686032139,325.19406674907293,643.3864771000651,237.60789001793188,90.0,153.40528918512146,504.5235403598263,178.29331941544888,95.0,90.49285714285715,54.47142857142857,30.017699115044245,111.6283185840708,146.66666666666669,1216.6666666666667,2111.1111111111113
2016-03-08 00:00:00,384.60176991150445,447.4513274336283,52.71428571428571,118.60714285714286,72.53846153846153,660.8756965280754,1742.190232624752,2165.820956039266,417.0,312.3716814159292,804.8495575221239,600.3539823008849,5537.276885043263,896.0,551.6328800988875,264.344870210136,655.8592359453007,239.69216975493129,91.0,155.42377983229412,510.73943613428,112.81837160751567,96.0,91.37142857142857,56.22857142857143,31.89380530973451,82.54867256637168,151.11111111111111,1231.1111111111113,2136.666666666667
2016-03-09 00:00:00,417.43362831858406,493.4159292035398,57.107142857142854,128.27142857142857,82.26923076923077,721.1442348906986,1885.8116496511652,2355.239223218097,456.0,333.94690265486724,870.5132743362832,662.2654867256638,6003.122373300371,855.0,582.5562422744129,229.43139678615574,710.9472541784241,260.5349671249253,101.0,171.57170500967533,558.3946370717584,66.48225469728602,103.0,101.91428571428571,62.378571428571426,30.017699115044245,93.80530973451327,164.44444444444446,1340.0,2318.888888888889
2016-03-10 00:00:00,384.60176991150445,447.4513274336283,52.71428571428571,118.60714285714286,72.53846153846153,660.8756965280754,1742.190232624752,2165.820956039266,478.0,311.43362831858406,804.8495575221239,695.0973451327434,5537.276885043263,877.0,524.699629171817,288.2855377008653,655.8592359453007,239.69216975493129,91.0,155.42377983229412,510.73943613428,50.365344467640924,96.0,91.37142857142857,56.22857142857143,29.079646017699112,113.50442477876106,151.11111111111111,1231.1111111111113,2136.666666666667
2016-03-11 00:00:00,376.15929203539827,437.13274336283183,51.83571428571428,116.85000000000001,71.65384615384616,644.2498928418345,1696.3978967612582,2116.9052496798977,453.0,302.9911504424779,784.212389380531,711.0442477876106,5392.635352286774,979.0,495.7713226205192,245.3918417799753,635.0713045365749,233.43933054393307,89.0,152.39604386153516,497.27166195629695,80.58455114822549,92.0,89.61428571428571,54.47142857142857,27.203539823008846,112.56637168141593,144.44444444444446,1200.0,2082.222222222222
2016-03-12 00:00:00,350.83185840707966,413.6814159292035,50.07857142857143,108.94285714285715,69.0,608.9200600085726,1602.7317552222928,2000.3401621852329,584.0,287.04424778761063,739.1858407079646,880.8318584070796,5096.369592088999,1055.0,577.5686032138443,266.33992583436344,601.8106142826134,216.76509264793785,83.0,143.31283594925821,470.33611360033086,88.64300626304804,87.0,85.22142857142858,52.71428571428571,24.38938053097345,78.79646017699115,135.55555555555557,1133.3333333333335,1968.888888888889
2016-03-13 00:00:00,332.070796460177,389.2920353982301,47.44285714285714,104.55,67.23076923076924,575.6684526360908,1508.0248787773392,1877.5305164319252,482.0,269.2212389380531,696.0353982300885,636.9380530973451,4800.103831891224,1065.0,440.90729295426456,296.265760197775,568.5499240286521,204.25941422594144,81.0,132.21113738980864,445.472530502516,141.0229645093946,83.0,82.58571428571429,50.07857142857143,30.017699115044245,111.6283185840708,128.88888888888889,1067.7777777777778,1856.6666666666667
2016-03-14 00:00:00,379.9115044247788,441.82300884955754,52.71428571428571,118.60714285714286,72.53846153846153,655.6801328761251,1715.131125069051,2142.9242424242425,388.0,307.6814159292035,793.5929203539823,605.9823008849557,5457.4746600741655,871.0,413.97404202719406,292.27564894932016,643.3864771000651,237.60789001793188,90.0,153.40528918512146,504.5235403598263,200.4540709812109,95.0,90.49285714285715,54.47142857142857,30.017699115044245,57.2212389380531,146.66666666666669,1216.6666666666667,2111.1111111111113
2016-03-15 00:00:00,384.60176991150445,447.4513274336283,52.71428571428571,118.60714285714286,72.53846153846153,660.8756965280754,1742.190232624752,2165.820956039266,461.0,312.3716814159292,804.8495575221239,641.6283185840708,5537.276885043263,943.0,595.5241038318912,246.389369592089,655.8592359453007,239.69216975493129,91.0,155.42377983229412,510.73943613428,179.3006263048017,96.0,91.37142857142857,56.22857142857143,31.89380530973451,71.29203539823008,151.11111111111111,1231.1111111111113,2136.666666666667
2016-03-16 00:00:00,417.43362831858406,493.4159292035398,57.107142857142854,128.27142857142857,82.26923076923077,721.1442348906986,1885.8116496511652,2355.239223218097,500.0,333.94690265486724,870.5132743362832,582.5309734513274,6003.122373300371,838.0,548.6402966625463,276.31520395550064,710.9472541784241,260.5349671249253,101.0,171.57170500967533,558.3946370717584,170.23486430062633,103.0,101.91428571428571,62.378571428571426,30.017699115044245,82.54867256637168,164.44444444444446,1340.0,2318.888888888889
2016-03-17 00:00:00,384.60176991150445,447.4513274336283,52.71428571428571,118.60714285714286,72.53846153846153,660.8756965280754,1742.190232624752,2165.820956039266,429.0,311.43362831858406,804.8495575221239,710.1061946902655,5537.276885043263,884.0,657.3708281829419,300.25587144622995,655.8592359453007,239.69216975493129,91.0,155.42377983229412,510.73943613428,157.1398747390397,96.0,91.37142857142857,56.22857142857143,29.079646017699112,80.67256637168141,151.11111111111111,1231.1111111111113,2136.666666666667
2016-03-18 00:00:00,376.15929203539827,437.13274336283183,51.83571428571428,116.85000000000001,71.65384615384616,644.2498928418345,1696.3978967612582,2116.9052496798977,480.0,302.9911504424779,784.212389380531,712.9203539823009,5392.635352286774,1014.0,659.3658838071693,280.3053152039555,635.0713045365749,233.43933054393307,89.0,152.39604386153516,497.27166195629695,103.75260960334032,92.0,89.61428571428571,54.47142857142857,27.203539823008846,75.98230088495576,144.44444444444446,1200.0,2082.222222222222
2016-03-19 00:00:00,350.83185840707966,413.6814159292035,50.07857142857143,108.94285714285715,69.0,608.9200600085726,1602.7317552222928,2000.3401621852329,504.0,287.04424778761063,739.1858407079646,812.3539823008849,5096.369592088999,1038.0,641.4103831891224,259.3572311495674,601.8106142826134,216.76509264793785,83.0,143.31283594925821,470.33611360033086,57.416492693110655,87.0,85.22142857142858,52.71428571428571,24.38938053097345,80.67256637168143,135.55555555555557,1133.3333333333335,1968.888888888889
2016-03-20 00:00:00,332.070796460177,389.2920353982301,47.44285714285714,104.55,67.23076923076924,575.6684526360908,1508.0248787773392,1877.5305164319252,486.0,269.2212389380531,696.0353982300885,677.2743362831858,4800.103831891224,811.0,455.87021013597035,285.2929542645241,568.5499240286521,204.25941422594144,81.0,132.21113738980864,445.472530502516,71.51878914405012,83.0,82.58571428571429,50.07857142857143,30.017699115044245,83.48672566371681,128.88888888888889,1067.7777777777778,1856.6666666666667
2016-03-21 00:00:00,379.9115044247788,441.82300884955754,52.71428571428571,118.60714285714286,72.53846153846153,655.6801328761251,1715.131125069051,2142.9242424242425,477.0,307.6814159292035,793.5929203539823,518.7433628318583,5457.4746600741655,540.0,277.31273176761437,243.39678615574783,643.3864771000651,237.60789001793188,90.0,153.40528918512146,504.5235403598263,66.48225469728602,95.0,90.49285714285715,54.47142857142857,30.017699115044245,90.05309734513274,146.66666666666669,1216.6666666666667,2111.1111111111113
2016-03-22 00:00:00,384.60176991150445,447.4513274336283,52.71428571428571,118.60714285714286,72.53846153846153,660.8756965280754,1742.190232624752,2165.820956039266,465.0,312.3716814159292,804.8495575221239,598.4778761061947,5537.276885043263,541.0,545.6477132262053,346.14215080346105,655.8592359453007,239.69216975493129,91.0,155.42377983229412,510.73943613428,97.7087682672234,96.0,91.37142857142857,56.22857142857143,31.89380530973451,79.73451327433628,151.11111111111111,1231.1111111111113,2136.666666666667
2016-03-23 00:00:00,417.43362831858406,493.4159292035398,57.107142857142854,128.27142857142857,82.26923076923077,721.1442348906986,1885.8116496511652,2355.239223218097,509.0,333.94690265486724,870.5132743362832,649.1327433628319,6003.122373300371,495.0,678.3189122373301,290.2805933250927,710.9472541784241,260.5349671249253,101.0,171.57170500967533,558.3946370717584,63.46033402922757,103.0,101.91428571428571,62.378571428571426,30.017699115044245,66.60176991150442,164.44444444444446,1340.0,2318.888888888889
2016-03-24 00:00:00,384.60176991150445,447.4513274336283,52.71428571428571,118.60714285714286,72.53846153846153,660.8756965280754,1742.190232624752,2165.820956039266,480.0,311.43362831858406,804.8495575221239,710.1061946902655,5537.276885043263,575.0,684.3040791100124,148.63164400494438,655.8592359453007,239.69216975493129,91.0,155.42377983229412,510.73943613428,72.52609603340294,96.0,91.37142857142857,56.22857142857143,29.079646017699112,95.68141592920354,151.11111111111111,1231.1111111111113,2136.666666666667
2016-03-25 00:00:00,376.15929203539827,437.13274336283183,51.83571428571428,116.85000000000001,71.65384615384616,644.2498928418345,1696.3978967612582,2116.9052496798977,495.0,302.9911504424779,784.212389380531,853.6283185840708,5392.635352286774,673.0,686.2991347342398,286.29048207663783,635.0713045365749,233.43933054393307,89.0,152.39604386153516,497.27166195629695,93.67954070981213,92.0,89.61428571428571,54.47142857142857,27.203539823008846,71.29203539823008,144.44444444444446,1200.0,2082.222222222222
2016-03-26 00:00:00,350.83185840707966,413.6814159292035,50.07857142857143,108.94285714285715,69.0,608.9200600085726,1602.7317552222928,2000.3401621852329,530.0,287.04424778761063,739.1858407079646,971.8230088495575,5096.369592088999,774.0,573.5784919653894,251.3770086526576,601.8106142826134,216.76509264793785,83.0,143.31283594925821,470.33611360033086,64.46764091858039,87.0,85.22142857142858,52.71428571428571,24.38938053097345,80.67256637168141,135.55555555555557,1133.3333333333335,1968.888888888889
2016-03-27 00:00:00,332.070796460177,389.2920353982301,47.44285714285714,104.55,67.23076923076924,575.6684526360908,1508.0248787773392,1877.5305164319252,480.0,269.2212389380531,696.0353982300885,893.9646017699115,4800.103831891224,705.0,418.9616810877627,253.37206427688506,568.5499240286521,204.25941422594144,81.0,132.21113738980864,445.472530502516,23.168058455114824,83.0,82.58571428571429,50.07857142857143,30.017699115044245,71.29203539823008,128.88888888888889,1067.7777777777778,1856.6666666666667
2016-03-28 00:00:00,379.9115044247788,441.82300884955754,52.71428571428571,118.60714285714286,72.53846153846153,655.6801328761251,1715.131125069051,2142.9242424242425,375.0,307.6814159292035,793.5929203539823,766.3893805309734,5457.4746600741655,724.0,454.8726823238566,155.6143386897404,643.3864771000651,237.60789001793188,90.0,153.40528918512146,504.5235403598263,52.37995824634656,95.0,90.49285714285715,54.47142857142857,30.017699115044245,90.05309734513274,146.66666666666669,1216.6666666666667,2111.1111111111113
2016-03-29 00:00:00,384.60176991150445,447.4513274336283,52.71428571428571,118.60714285714286,72.53846153846153,660.8756965280754,1742.190232624752,2165.820956039266,390.0,312.3716814159292,804.8495575221239,704.4778761061947,5537.276885043263,451.0,673.3312731767614,120.7008652657602,655.8592359453007,239.69216975493129,91.0,155.42377983229412,510.73943613428,56.409185803757836,96.0,91.37142857142857,56.22857142857143,31.89380530973451,63.78761061946903,151.11111111111111,1231.1111111111113,2136.666666666667
2016-03-30 00:00:00,417.43362831858406,493.4159292035398,57.107142857142854,128.27142857142857,82.26923076923077,721.1442348906986,1885.8116496511652,2355.239223218097,326.0,333.94690265486724,870.5132743362832,748.566371681416,6003.122373300371,431.0,768.096415327565,83.79233621755253,710.9472541784241,260.5349671249253,101.0,171.57170500967533,558.3946370717584,35.25574112734865,103.0,101.91428571428571,62.378571428571426,30.017699115044245,94.7433628318584,164.44444444444446,1340.0,2318.888888888889
2016-03-31 00:00:00,384.60176991150445,447.4513274336283,52.71428571428571,118.60714285714286,72.53846153846153,660.8756965280754,1742.190232624752,2165.820956039266,480.0,311.43362831858406,804.8495575221239,715.7345132743362,5537.276885043263,428.0,697.2719406674908,42.89369592088999,655.8592359453007,239.69216975493129,91.0,155.42377983229412,510.73943613428,27.1972860125261,96.0,91.37142857142857,56.22857142857143,29.079646017699112,90.05309734513274,151.11111111111111,1231.1111111111113,2136.666666666667
2016-04-01 00:00:00,360.21238938053096,417.43362831858406,50.07857142857143,112.45714285714286,69.0,615.154736390913,1620.4242486240973,2020.1145966709348,363.0,290.79646017699116,743.8761061946902,698.8495575221239,5149.238566131026,508.0,698.2694684796045,102.74536464771323,605.9682005643587,217.80723251643755,83.0,145.33132659643087,474.48004411663334,47.34342379958247,88.0,85.22142857142858,52.71428571428571,24.38938053097345,93.80530973451327,138.88888888888889,1145.5555555555557,1986.6666666666667
2016-04-02 00:00:00,336.76106194690266,394.92035398230087,48.32142857142857,104.55,67.23076923076924,581.9031290184312,1534.0432514270517,1902.5087494664963,305.0,276.72566371681415,706.3539823008849,804.8495575221239,4863.945611866502,604.0,754.1310259579728,95.76266996291719,575.8257000217061,206.34369396294085,81.0,135.23887336056762,449.6164610188185,39.284968684759924,83.0,83.46428571428571,50.07857142857143,24.38938053097345,78.79646017699115,128.88888888888889,1082.2222222222222,1881.1111111111113
2016-04-03 00:00:00,318.9380530973451,374.283185840708,42.17142857142857,96.64285714285714,62.80769230769231,550.7297471067295,1436.2141702641327,1797.392018779343,302.0,260.7787610619469,665.0796460176991,731.6814159292036,4580.647713226205,677.0,475.8207663782448,91.77255871446229,546.7225960494899,194.88015540944411,76.0,126.15566544829069,422.6809126628524,20.146137787056368,80.0,78.19285714285714,48.32142857142857,28.14159292035398,56.283185840707965,125.55555555555556,1022.2222222222223,1768.888888888889
2016-04-04 00:00:00,362.0884955752212,423.0619469026549,50.07857142857143,112.45714285714286,70.76923076923077,622.4285255036433,1641.2389467438675,2045.092829705506,287.0,294.5486725663717,755.1327433628319,645.3805309734513,5212.0828182941905,388.0,427.9394313967862,103.74289245982695,615.3227696982852,223.01793185893607,84.0,145.33132659643087,482.7679051492383,53.38726513569938,89.0,86.1,52.71428571428571,28.14159292035398,101.30973451327434,143.33333333333334,1158.888888888889,2013.3333333333335
2016-04-05 00:00:00,365.8407079646018,426.8141592920354,51.83571428571428,115.97142857142858,71.65384615384616,628.6632018859837,1665.175849581603,2076.3156209987196,291.0,299.23893805309734,767.3274336283185,581.5929203539823,5284.902348578492,350.0,663.3559950556242,104.74042027194066,622.5985456913393,226.14435146443515,87.0,151.38679853794883,488.983800923692,49.358037578288105,90.0,87.85714285714286,52.71428571428571,31.89380530973451,81.61061946902655,144.44444444444446,1176.6666666666667,2042.2222222222224
2016-04-06 00:00:00,399.6106194690266,462.46017699115043,54.47142857142857,120.36428571428573,78.73076923076923,687.8926275182168,1802.5528571720852,2245.9594536918485,311.0,322.69026548672565,829.2389380530973,662.2654867256637,5730.797280593325,375.0,746.1508034610631,112.72064276885044,679.7653570653354,248.02928870292888,95.0,161.47925177381208,530.4231060867168,39.284968684759924,100.0,95.76428571428572,58.864285714285714,28.14159292035398,75.04424778761062,155.55555555555557,1276.6666666666667,2217.777777777778
2016-04-07 00:00:00,365.8407079646018,426.8141592920354,51.83571428571428,115.97142857142858,71.65384615384616,628.6632018859837,1665.175849581603,2076.3156209987196,295.0,298.3008849557522,767.3274336283185,617.2389380530974,5284.902348578492,404.0,620.4622991347343,104.74042027194066,622.5985456913393,226.14435146443515,87.0,151.38679853794883,488.983800923692,26.18997912317328,90.0,87.85714285714286,52.71428571428571,27.203539823008846,66.60176991150442,144.44444444444446,1176.6666666666667,2042.2222222222224
2016-04-08 00:00:00,360.21238938053096,417.43362831858406,50.07857142857143,112.45714285714286,69.0,615.154736390913,1620.4242486240973,2020.1145966709348,264.0,290.79646017699116,743.8761061946902,661.3274336283185,5149.238566131026,388.0,750.1409147095179,102.74536464771323,605.9682005643587,217.80723251643755,83.0,145.33132659643087,474.48004411663334,46.33611691022965,88.0,85.22142857142858,52.71428571428571,24.38938053097345,54.4070796460177,138.88888888888889,1145.5555555555557,1986.6666666666667
2016-04-09 00:00:00,336.76106194690266,394.92035398230087,48.32142857142857,104.55,67.23076923076924,581.9031290184312,1534.0432514270517,1902.5087494664963,265.0,276.72566371681415,706.3539823008849,724.1769911504425,4863.945611866502,572.0,707.247218788628,95.76266996291719,575.8257000217061,206.34369396294085,81.0,135.23887336056762,449.6164610188185,60.43841336116911,83.0,83.46428571428571,50.07857142857143,24.38938053097345,25.327433628318584,128.88888888888889,1082.2222222222222,1881.1111111111113
2016-04-10 00:00:00,318.9380530973451,374.283185840708,42.17142857142857,96.64285714285714,62.80769230769231,550.7297471067295,1436.2141702641327,1797.392018779343,292.0,260.7787610619469,665.0796460176991,637.8761061946902,4580.647713226205,464.0,525.6971569839308,91.77255871446229,546.7225960494899,194.88015540944411,76.0,126.15566544829069,422.6809126628524,44.32150313152401,80.0,78.19285714285714,48.32142857142857,28.14159292035398,40.336283185840706,125.55555555555556,1022.2222222222223,1768.888888888889
2016-04-11 00:00:00,362.0884955752212,423.0619469026549,50.07857142857143,112.45714285714286,70.76923076923077,622.4285255036433,1641.2389467438675,2045.092829705506,241.0,294.5486725663717,755.1327433628319,590.0353982300885,5212.0828182941905,371.0,423.9493201483313,103.74289245982695,615.3227696982852,223.01793185893607,84.0,145.33132659643087,482.7679051492383,45.32881002087683,89.0,86.1,52.71428571428571,28.14159292035398,49.716814159292035,143.33333333333334,1158.888888888889,2013.3333333333335
2016-04-12 00:00:00,365.8407079646018,426.8141592920354,51.83571428571428,115.97142857142858,71.65384615384616,628.6632018859837,1665.175849581603,2076.3156209987196,252.0,299.23893805309734,767.3274336283185,589.0973451327434,5284.902348578492,378.0,611.4845488257108,104.74042027194066,622.5985456913393,226.14435146443515,87.0,151.38679853794883,488.983800923692,61.44572025052193,90.0,87.85714285714286,52.71428571428571,31.89380530973451,42.21238938053097,144.44444444444446,1176.6666666666667,2042.2222222222224
2016-04-13 00:00:00,399.6106194690266,462.46017699115043,54.47142857142857,120.36428571428573,78.73076923076923,687.8926275182168,1802.5528571720852,2245.9594536918485,281.0,322.69026548672565,829.2389380530973,591.9115044247787,5730.797280593325,303.0,656.3733003708282,112.72064276885044,679.7653570653354,248.02928870292888,95.0,161.47925177381208,530.4231060867168,52.37995824634656,100.0,95.76428571428572,58.864285714285714,28.14159292035398,54.4070796460177,155.55555555555557,1276.6666666666667,2217.777777777778
2016-04-14 00:00:00,365.8407079646018,426.8141592920354,51.83571428571428,115.97142857142858,71.65384615384616,628.6632018859837,1665.175849581603,2076.3156209987196,312.0,298.3008849557522,767.3274336283185,594.7256637168141,5284.902348578492,393.0,739.168108776267,104.74042027194066,622.5985456913393,226.14435146443515,87.0,151.38679853794883,488.983800923692,33.24112734864301,90.0,87.85714285714286,52.71428571428571,27.203539823008846,45.02654867256637,144.44444444444446,1176.6666666666667,2042.2222222222224
2016-04-15 00:00:00,360.21238938053096,417.43362831858406,50.07857142857143,112.45714285714286,69.0,615.154736390913,1620.4242486240973,2020.1145966709348,287.0,290.79646017699116,743.8761061946902,603.1681415929204,5149.238566131026,493.0,677.3213844252164,102.74536464771323,605.9682005643587,217.80723251643755,83.0,145.33132659643087,474.48004411663334,45.32881002087683,88.0,85.22142857142858,52.71428571428571,24.38938053097345,43.150442477876105,138.88888888888889,1145.5555555555557,1986.6666666666667
2016-04-16 00:00:00,336.76106194690266,394.92035398230087,48.32142857142857,104.55,67.23076923076924,581.9031290184312,1534.0432514270517,1902.5087494664963,318.0,276.72566371681415,706.3539823008849,657.5752212389381,4863.945611866502,662.0,694.2793572311496,95.76266996291719,575.8257000217061,206.34369396294085,81.0,135.23887336056762,449.6164610188185,51.37265135699374,83.0,83.46428571428571,50.07857142857143,24.38938053097345,51.5929203539823,128.88888888888889,1082.2222222222222,1881.1111111111113
2016-04-17 00:00:00,318.9380530973451,374.283185840708,42.17142857142857,96.64285714285714,62.80769230769231,550.7297471067295,1436.2141702641327,1797.392018779343,343.0,260.7787610619469,665.0796460176991,578.7787610619469,4580.647713226205,714.0,621.459826946848,91.77255871446229,546.7225960494899,194.88015540944411,76.0,126.15566544829069,422.6809126628524,50.365344467640924,80.0,78.19285714285714,48.32142857142857,28.14159292035398,37.52212389380531,125.55555555555556,1022.2222222222223,1768.888888888889
2016-04-18 00:00:00,362.0884955752212,423.0619469026549,50.07857142857143,112.45714285714286,70.76923076923077,622.4285255036433,1641.2389467438675,2045.092829705506,254.0,294.5486725663717,755.1327433628319,560.0176991150443,5212.0828182941905,376.0,488.7886279357231,103.74289245982695,615.3227696982852,223.01793185893607,84.0,145.33132659643087,482.7679051492383,65.4749478079332,89.0,86.1,52.71428571428571,28.14159292035398,51.5929203539823,143.33333333333334,1158.888888888889,2013.3333333333335
2016-04-19 00:00:00,365.8407079646018,426.8141592920354,51.83571428571428,115.97142857142858,71.65384615384616,628.6632018859837,1665.175849581603,2076.3156209987196,316.0,299.23893805309734,767.3274336283185,530.0,5284.902348578492,378.0,700.264524103832,104.74042027194066,622.5985456913393,226.14435146443515,87.0,151.38679853794883,488.983800923692,77.56263048016703,90.0,87.85714285714286,52.71428571428571,31.89380530973451,36.584070796460175,144.44444444444446,1176.6666666666667,2042.2222222222224
2016-04-20 00:00:00,399.6106194690266,462.46017699115043,54.47142857142857,120.36428571428573,78.73076923076923,687.8926275182168,1802.5528571720852,2245.9594536918485,340.0,322.69026548672565,829.2389380530973,515.929203539823,5730.797280593325,354.0,817.9728059332509,112.72064276885044,679.7653570653354,248.02928870292888,95.0,161.47925177381208,530.4231060867168,48.350730688935286,100.0,95.76428571428572,58.864285714285714,28.14159292035398,52.530973451327434,155.55555555555557,1276.6666666666667,2217.777777777778
2016-04-21 00:00:00,365.8407079646018,426.8141592920354,51.83571428571428,115.97142857142858,71.65384615384616,628.6632018859837,1665.175849581603,2076.3156209987196,404.0,298.3008849557522,767.3274336283185,541.2566371681417,5284.902348578492,626.0,727.1977750309024,104.74042027194066,622.5985456913393,226.14435146443515,87.0,151.38679853794883,488.983800923692,29.211899791231737,90.0,87.85714285714286,52.71428571428571,27.203539823008846,62.849557522123895,144.44444444444446,1176.6666666666667,2042.2222222222224
2016-04-22 00:00:00,360.21238938053096,417.43362831858406,50.07857142857143,112.45714285714286,69.0,615.154736390913,1620.4242486240973,2020.1145966709348,339.0,290.79646017699116,743.8761061946902,614.4247787610619,5149.238566131026,646.0,766.1013597033375,102.74536464771323,605.9682005643587,217.80723251643755,83.0,145.33132659643087,474.48004411663334,46.33611691022965,88.0,85.22142857142858,52.71428571428571,24.38938053097345,76.92035398230088,138.88888888888889,1145.5555555555557,1986.6666666666667
2016-04-23 00:00:00,336.76106194690266,394.92035398230087,48.32142857142857,104.55,67.23076923076924,581.9031290184312,1534.0432514270517,1902.5087494664963,336.0,276.72566371681415,706.3539823008849,738.2477876106195,4863.945611866502,717.0,814.9802224969098,95.76266996291719,575.8257000217061,206.34369396294085,81.0,135.23887336056762,449.6164610188185,50.365344467640924,83.0,83.46428571428571,50.07857142857143,24.38938053097345,59.097345132743364,128.88888888888889,1082.2222222222222,1881.1111111111113
2016-04-24 00:00:00,318.9380530973451,374.283185840708,42.17142857142857,96.64285714285714,62.80769230769231,550.7297471067295,1436.2141702641327,1797.392018779343,321.0,260.7787610619469,665.0796460176991,544.070796460177,4580.647713226205,655.0,621.459826946848,91.77255871446229,546.7225960494899,194.88015540944411,76.0,126.15566544829069,422.6809126628524,54.3945720250522,80.0,78.19285714285714,48.32142857142857,28.14159292035398,44.08849557522124,125.55555555555556,1022.2222222222223,1768.888888888889
2016-04-25 00:00:00,362.0884955752212,423.0619469026549,50.07857142857143,112.45714285714286,70.76923076923077,622.4285255036433,1641.2389467438675,2045.092829705506,336.0,294.5486725663717,755.1327433628319,577.8407079646017,5212.0828182941905,522.0,469.83559950556247,103.74289245982695,615.3227696982852,223.01793185893607,105.0,145.33132659643087,482.7679051492383,834.0501043841338,89.0,86.1,52.71428571428571,28.14159292035398,39.39823008849557,143.33333333333334,1158.888888888889,2013.3333333333335
2016-04-26 00:00:00,365.8407079646018,426.8141592920354,51.83571428571428,115.97142857142858,71.65384615384616,628.6632018859837,1665.175849581603,2076.3156209987196,382.0,299.23893805309734,767.3274336283185,547.8230088495575,5284.902348578492,542.0,745.1532756489494,104.74042027194066,622.5985456913393,226.14435146443515,117.0,151.38679853794883,488.983800923692,211.5344467640919,90.0,87.85714285714286,52.71428571428571,31.89380530973451,67.53982300884955,144.44444444444446,1176.6666666666667,2042.2222222222224
2016-04-27 00:00:00,399.6106194690266,462.46017699115043,54.47142857142857,120.36428571428573,78.73076923076923,687.8926275182168,1802.5528571720852,2245.9594536918485,407.0,322.69026548672565,829.2389380530973,597.5398230088496,5730.797280593325,524.0,749.1433868974042,112.72064276885044,679.7653570653354,248.02928870292888,98.0,161.47925177381208,530.4231060867168,1046.5918580375785,100.0,95.76428571428572,58.864285714285714,28.14159292035398,85.36283185840708,155.55555555555557,1276.6666666666667,2217.777777777778
2016-04-28 00:00:00,365.8407079646018,426.8141592920354,51.83571428571428,115.97142857142858,71.65384615384616,628.6632018859837,1665.175849581603,2076.3156209987196,473.0,298.3008849557522,767.3274336283185,719.4867256637168,5284.902348578492,606.0,745.1532756489494,104.74042027194066,622.5985456913393,226.14435146443515,74.0,151.38679853794883,488.983800923692,892.4739039665973,90.0,87.85714285714286,52.71428571428571,27.203539823008846,114.4424778761062,144.44444444444446,1176.6666666666667,2042.2222222222224
2016-04-29 00:00:00,360.21238938053096,417.43362831858406,50.07857142857143,112.45714285714286,69.0,615.154736390913,1620.4242486240973,2020.1145966709348,456.0,290.79646017699116,743.8761061946902,840.4955752212389,5149.238566131026,742.0,820.9653893695921,102.74536464771323,605.9682005643587,217.80723251643755,74.0,145.33132659643087,474.48004411663334,169.22755741127352,88.0,85.22142857142858,52.71428571428571,24.38938053097345,90.05309734513274,138.88888888888889,1145.5555555555557,1986.6666666666667
2016-04-30 00:00:00,336.76106194690266,394.92035398230087,48.32142857142857,104.55,67.23076923076924,581.9031290184312,1534.0432514270517,1902.5087494664963,310.0,277.6637168141593,706.3539823008849,611.6106194690266,4863.945611866502,692.0,790.0420271940668,95.76266996291719,575.8257000217061,206.34369396294085,71.0,135.23887336056762,449.6164610188185,73.53340292275576,83.0,83.46428571428571,50.07857142857143,24.38938053097345,96.61946902654867,128.88888888888889,1082.2222222222222,1881.1111111111113
2016-05-01 00:00:00,429.84597156398104,503.957345971564,58.125,134.0625,100.58823529411765,709.0259203936386,1851.0533615420777,2308.30632584073,310.0,350.79383886255926,902.1824644549763,645.2630331753555,6250.734195402299,795.0,710.5272988505748,124.95114942528735,697.5529411764705,255.2460024600246,94.0,170.62983230361868,549.5017848036716,115.31128155960371,102.0,106.875,66.5625,34.70796460176991,82.54867256637168,160.0,1314.4444444444446,2274.444444444445
2016-05-02 00:00:00,488.1469194312796,574.1161137440758,71.25,154.6875,109.52941176470588,803.6320182760743,2113.407381288199,2633.1559305598585,413.0,398.22511848341236,1027.6777251184835,596.8436018957347,7114.8031609195405,604.0,490.27442528735634,144.01149425287358,790.0748663101604,289.62607626076266,89.0,196.3270962047661,622.2146863844977,93.88175135826144,115.0,120.9375,73.125,34.70796460176991,94.7433628318584,180.0,1494.4444444444446,2587.777777777778
2016-05-03 00:00:00,499.0165876777251,580.0450236966825,71.25,157.5,112.88235294117646,816.1075476671647,2139.434565786822,2668.556207997199,419.0,402.1777251184834,1038.547393364929,652.1800947867299,7214.3405172413795,569.0,927.6034482758621,145.07040229885058,803.5893048128343,290.6678966789668,77.0,199.41076787290376,628.4472208057114,157.14988814317675,116.0,123.75,73.125,40.336283185840706,74.10619469026548,182.22222222222223,1512.2222222222224,2622.2222222222226
2016-05-04 00:00:00,541.5071090047394,627.4763033175356,75.9375,169.6875,121.82352941176471,883.6833318689044,2317.4605077574042,2891.369718926345,423.0,436.7630331753555,1127.4810426540284,572.1398104265403,7820.03591954023,556.0,876.7758620689656,157.7772988505747,872.2010695187166,316.71340713407136,72.0,213.80123565754633,685.5787863335033,92.8612975391499,127.0,129.375,79.6875,34.70796460176991,104.12389380530973,194.44444444444446,1638.888888888889,2847.777777777778
2016-05-05 00:00:00,499.0165876777251,580.0450236966825,71.25,157.5,112.88235294117646,816.1075476671647,2139.434565786822,2668.556207997199,441.0,402.1777251184834,1038.547393364929,562.2582938388626,7214.3405172413795,593.0,924.426724137931,145.07040229885058,803.5893048128343,290.6678966789668,77.0,199.41076787290376,628.4472208057114,148.98625759028445,116.0,123.75,73.125,34.70796460176991,137.89380530973452,182.22222222222223,1512.2222222222224,2622.2222222222226
2016-05-06 00:00:00,483.2061611374408,567.1990521327015,69.375,151.875,108.41176470588235,790.1168614357263,2083.215847269796,2597.7556531225173,452.0,394.27251184834125,1011.8672985781991,608.7014218009479,7019.501436781609,730.0,1052.5545977011493,141.89367816091954,783.8374331550802,285.45879458794593,69.0,192.2155339805825,614.9433962264151,118.37264301693833,115.0,120.0,73.125,33.769911504424776,112.56637168141593,176.66666666666669,1478.888888888889,2555.5555555555557
2016-05-07 00:00:00,456.52606635071095,536.5663507109005,64.6875,142.5,106.17647058823529,749.5713909146825,1967.6551480959095,2453.0309894816237,379.0,368.5805687203792,956.5308056872038,824.1184834123223,6639.353448275862,675.0,1012.316091954023,132.36350574712642,739.1358288770053,268.789667896679,90.0,182.96451897616944,581.7032126466089,66.32949824224993,109.0,111.5625,71.25,31.89380530973451,51.5929203539823,166.66666666666669,1392.2222222222224,2417.777777777778
2016-05-08 00:00:00,429.84597156398104,503.957345971564,58.125,134.0625,100.58823529411765,709.0259203936386,1851.0533615420777,2308.30632584073,347.0,350.79383886255926,902.1824644549763,771.7464454976304,6250.734195402299,795.0,928.6623563218391,124.95114942528735,697.5529411764705,255.2460024600246,67.0,170.62983230361868,549.5017848036716,84.6976669862576,102.0,106.875,66.5625,34.70796460176991,99.43362831858407,160.0,1314.4444444444446,2274.444444444445
2016-05-09 00:00:00,488.1469194312796,574.1161137440758,71.25,154.6875,109.52941176470588,803.6320182760743,2113.407381288199,2633.1559305598585,416.0,398.22511848341236,1027.6777251184835,623.5236966824644,7114.8031609195405,566.0,751.8247126436781,144.01149425287358,790.0748663101604,289.62607626076266,102.0,196.3270962047661,622.2146863844977,110.20901246404604,115.0,120.9375,73.125,34.70796460176991,96.61946902654867,180.0,1494.4444444444446,2587.777777777778
2016-05-10 00:00:00,499.0165876777251,580.0450236966825,71.25,157.5,112.88235294117646,816.1075476671647,2139.434565786822,2668.556207997199,383.0,402.1777251184834,1038.547393364929,617.5947867298578,7214.3405172413795,609.0,877.8347701149426,145.07040229885058,803.5893048128343,290.6678966789668,68.0,199.41076787290376,628.4472208057114,81.63630552892299,116.0,123.75,73.125,40.336283185840706,109.75221238938053,182.22222222222223,1512.2222222222224,2622.2222222222226
2016-05-11 00:00:00,541.5071090047394,627.4763033175356,75.9375,169.6875,121.82352941176471,883.6833318689044,2317.4605077574042,2891.369718926345,401.0,436.7630331753555,1127.4810426540284,629.4526066350711,7820.03591954023,650.0,1127.7370689655172,157.7772988505747,872.2010695187166,316.71340713407136,83.0,213.80123565754633,685.5787863335033,109.18855864493449,127.0,129.375,79.6875,34.70796460176991,86.30088495575221,194.44444444444446,1638.888888888889,2847.777777777778
2016-05-12 00:00:00,499.0165876777251,580.0450236966825,71.25,157.5,112.88235294117646,816.1075476671647,2139.434565786822,2668.556207997199,397.0,402.1777251184834,1038.547393364929,624.5118483412323,7214.3405172413795,722.0,1009.139367816092,145.07040229885058,803.5893048128343,290.6678966789668,70.0,199.41076787290376,628.4472208057114,206.13167146053055,116.0,123.75,73.125,34.70796460176991,94.7433628318584,182.22222222222223,1512.2222222222224,2622.2222222222226
2016-05-13 00:00:00,483.2061611374408,567.1990521327015,69.375,151.875,108.41176470588235,790.1168614357263,2083.215847269796,2597.7556531225173,437.0,394.27251184834125,1011.8672985781991,684.7890995260664,7019.501436781609,844.0,876.7758620689655,141.89367816091954,783.8374331550802,285.45879458794593,75.0,192.2155339805825,614.9433962264151,4.081815276446148,115.0,120.0,73.125,33.769911504424776,84.42477876106194,176.66666666666669,1478.888888888889,2555.5555555555557
2016-05-14 00:00:00,456.52606635071095,536.5663507109005,64.6875,142.5,106.17647058823529,749.5713909146825,1967.6551480959095,2453.0309894816237,411.0,368.5805687203792,956.5308056872038,570.1635071090047,6639.353448275862,1067.0,1064.2025862068965,132.36350574712642,739.1358288770053,268.789667896679,109.0,182.96451897616944,581.7032126466089,148.98625759028445,109.0,111.5625,71.25,31.89380530973451,67.53982300884955,166.66666666666669,1392.2222222222224,2417.777777777778
2016-05-15 00:00:00,429.84597156398104,503.957345971564,58.125,134.0625,100.58823529411765,709.0259203936386,1851.0533615420777,2308.30632584073,395.0,350.79383886255926,902.1824644549763,700.5995260663507,6250.734195402299,977.0,643.816091954023,124.95114942528735,697.5529411764705,255.2460024600246,104.0,170.62983230361868,549.5017848036716,255.11345477788433,102.0,106.875,66.5625,34.70796460176991,81.61061946902655,160.0,1314.4444444444446,2274.444444444445
2016-05-16 00:00:00,488.1469194312796,574.1161137440758,71.25,154.6875,109.52941176470588,803.6320182760743,2113.407381288199,2633.1559305598585,401.0,398.22511848341236,1027.6777251184835,824.1184834123223,7114.8031609195405,605.0,690.4080459770115,144.01149425287358,790.0748663101604,289.62607626076266,140.0,196.3270962047661,622.2146863844977,19.38862256311921,115.0,120.9375,73.125,34.70796460176991,72.23008849557522,180.0,1494.4444444444446,2587.777777777778
2016-05-17 00:00:00,499.0165876777251,580.0450236966825,71.25,157.5,112.88235294117646,816.1075476671647,2139.434565786822,2668.556207997199,360.0,402.1777251184834,1038.547393364929,886.372037914692,7214.3405172413795,631.0,678.7600574712644,145.07040229885058,803.5893048128343,290.6678966789668,89.0,199.41076787290376,628.4472208057114,40.818152764461495,116.0,123.75,73.125,40.336283185840706,123.82300884955752,182.22222222222223,1512.2222222222224,2622.2222222222226
2016-05-18 00:00:00,541.5071090047394,627.4763033175356,75.9375,169.6875,121.82352941176471,883.6833318689044,2317.4605077574042,2891.369718926345,376.0,436.7630331753555,1127.4810426540284,626.4881516587678,7820.03591954023,566.0,812.1824712643678,157.7772988505747,872.2010695187166,316.71340713407136,85.0,213.80123565754633,685.5787863335033,35.71588366890381,127.0,129.375,79.6875,34.70796460176991,87.23893805309734,194.44444444444446,1638.888888888889,2847.777777777778
2016-05-19 00:00:00,499.0165876777251,580.0450236966825,71.25,157.5,112.88235294117646,816.1075476671647,2139.434565786822,2668.556207997199,419.0,402.1777251184834,1038.547393364929,762.8530805687204,7214.3405172413795,597.0,692.5258620689655,145.07040229885058,803.5893048128343,290.6678966789668,142.0,199.41076787290376,628.4472208057114,89.79993608181528,116.0,123.75,73.125,34.70796460176991,132.26548672566372,182.22222222222223,1512.2222222222224,2622.2222222222226
2016-05-20 00:00:00,483.2061611374408,567.1990521327015,69.375,151.875,108.41176470588235,790.1168614357263,2083.215847269796,2597.7556531225173,507.0,394.27251184834125,1011.8672985781991,686.7654028436019,7019.501436781609,876.0,524.1594827586207,141.89367816091954,783.8374331550802,285.45879458794593,82.0,192.2155339805825,614.9433962264151,15.30680728667306,115.0,120.0,73.125,46.902654867256636,109.75221238938053,176.66666666666669,1478.888888888889,2555.5555555555557
2016-05-21 00:00:00,456.52606635071095,536.5663507109005,64.6875,142.5,106.17647058823529,749.5713909146825,1967.6551480959095,2453.0309894816237,618.0,368.5805687203792,956.5308056872038,665.026066350711,6639.353448275862,1219.0,518.8649425287356,132.36350574712642,739.1358288770053,268.789667896679,81.0,182.96451897616944,581.7032126466089,37.75679130712688,109.0,111.5625,71.25,64.72566371681415,80.67256637168141,166.66666666666669,1392.2222222222224,2417.777777777778
2016-05-22 00:00:00,429.84597156398104,503.957345971564,58.125,134.0625,100.58823529411765,709.0259203936386,1851.0533615420777,2308.30632584073,467.0,350.79383886255926,902.1824644549763,685.7772511848342,6250.734195402299,1219.0,515.6882183908046,124.95114942528735,697.5529411764705,255.2460024600246,86.0,170.62983230361868,549.5017848036716,21.429530201342285,102.0,106.875,66.5625,60.97345132743363,75.98230088495575,160.0,1314.4444444444446,2274.444444444445
2016-05-23 00:00:00,488.1469194312796,574.1161137440758,71.25,154.6875,109.52941176470588,803.6320182760743,2113.407381288199,2633.1559305598585,537.0,398.22511848341236,1027.6777251184835,833.0118483412323,7114.8031609195405,716.0,633.2270114942529,144.01149425287358,790.0748663101604,289.62607626076266,128.0,196.3270962047661,622.2146863844977,11.224992010226911,115.0,120.9375,73.125,70.35398230088495,87.23893805309734,180.0,1494.4444444444446,2587.777777777778
2016-05-24 00:00:00,499.0165876777251,580.0450236966825,71.25,157.5,112.88235294117646,816.1075476671647,2139.434565786822,2668.556207997199,382.0,402.1777251184834,1038.547393364929,842.8933649289099,7214.3405172413795,594.0,843.9497126436781,145.07040229885058,803.5893048128343,290.6678966789668,96.0,199.41076787290376,628.4472208057114,14.28635346756152,116.0,123.75,73.125,73.16814159292035,88.17699115044248,182.22222222222223,1512.2222222222224,2622.2222222222226
2016-05-25 00:00:00,541.5071090047394,627.4763033175356,75.9375,169.6875,121.82352941176471,883.6833318689044,2317.4605077574042,2891.369718926345,408.0,436.7630331753555,1127.4810426540284,693.6824644549763,7820.03591954023,640.0,817.4770114942529,157.7772988505747,872.2010695187166,316.71340713407136,81.0,213.80123565754633,685.5787863335033,138.78171939916908,127.0,129.375,79.6875,80.67256637168141,99.43362831858407,194.44444444444446,1638.888888888889,2847.777777777778
2016-05-26 00:00:00,499.0165876777251,580.0450236966825,71.25,157.5,112.88235294117646,816.1075476671647,2139.434565786822,2668.556207997199,351.0,402.1777251184834,1038.547393364929,649.2156398104265,7214.3405172413795,673.0,574.9870689655172,145.07040229885058,803.5893048128343,290.6678966789668,102.0,199.41076787290376,628.4472208057114,58.165867689357626,116.0,123.75,73.125,73.16814159292035,88.17699115044248,182.22222222222223,1512.2222222222224,2622.2222222222226
2016-05-27 00:00:00,483.2061611374408,567.1990521327015,69.375,151.875,108.41176470588235,790.1168614357263,2083.215847269796,2597.7556531225173,482.0,394.27251184834125,1011.8672985781991,608.701421800948,7019.501436781609,884.0,599.3419540229885,141.89367816091954,783.8374331550802,285.45879458794593,84.0,192.2155339805825,614.9433962264151,88.77948226270375,115.0,120.0,73.125,70.35398230088495,86.30088495575221,176.66666666666669,1478.888888888889,2555.5555555555557
2016-05-28 00:00:00,456.52606635071095,536.5663507109005,64.6875,142.5,106.17647058823529,749.5713909146825,1967.6551480959095,2453.0309894816237,413.0,368.5805687203792,956.5308056872038,709.4928909952607,6639.353448275862,680.0,630.0502873563219,132.36350574712642,739.1358288770053,268.789667896679,98.0,182.96451897616944,581.7032126466089,163.27261105784598,109.0,111.5625,71.25,64.72566371681415,80.67256637168141,166.66666666666669,1392.2222222222224,2417.777777777778
2016-05-29 00:00:00,429.84597156398104,503.957345971564,58.125,134.0625,100.58823529411765,709.0259203936386,1851.0533615420777,2308.30632584073,433.0,350.79383886255926,902.1824644549763,690.718009478673,6250.734195402299,888.0,549.573275862069,124.95114942528735,697.5529411764705,255.2460024600246,94.0,170.62983230361868,549.5017848036716,308.1770533716843,102.0,106.875,66.5625,60.97345132743363,75.98230088495575,160.0,1314.4444444444446,2274.444444444445
2016-05-30 00:00:00,488.1469194312796,574.1161137440758,71.25,154.6875,109.52941176470588,803.6320182760743,2113.407381288199,2633.1559305598585,437.0,398.22511848341236,1027.6777251184835,832.0236966824644,7114.8031609195405,632.0,689.3491379310344,144.01149425287358,790.0748663101604,289.62607626076266,128.0,196.3270962047661,622.2146863844977,211.23394055608824,115.0,120.9375,73.125,70.35398230088495,87.23893805309734,180.0,1494.4444444444446,2587.777777777778
2016-05-31 00:00:00,499.0165876777251,580.0450236966825,71.25,157.5,112.88235294117646,816.1075476671647,2139.434565786822,2668.556207997199,420.0,403.1658767772512,1038.547393364929,820.1658767772512,7214.3405172413795,686.0,773.0028735632184,145.07040229885058,803.5893048128343,290.6678966789668,109.0,199.41076787290376,628.4472208057114,211.23394055608824,116.0,123.75,73.125,73.16814159292035,88.17699115044248,182.22222222222223,1512.2222222222224,2622.2222222222226
2016-06-01 00:00:00,689.5876777251185,803.7938388625594,79.83561643835617,179.2054794520548,129.0,1027.3325557888188,2687.693664533563,3352.9314477697294,406.0,559.0663507109006,1433.5592417061614,705.9028436018958,7360.357215967248,714.0,637.1934493346981,149.42272262026614,1010.9075994794337,367.40973586553156,97.0,258.36556456643797,793.9285571342805,179.56275303643727,151.1887971992998,140.13698630136986,82.38356164383562,97.18867924528301,120.28301886792453,232.06106870229007,1987.6030534351144,3453.068702290076
2016-06-02 00:00:00,635.2037914691944,745.0592417061612,71.34246575342466,166.46575342465752,119.0,946.2273540160174,2483.670442903595,3090.609583492185,477.0,514.4715639810427,1329.142180094787,635.2037914691944,6791.863868986695,808.0,441.3981576253839,137.4002047082907,931.8654414954451,336.18511242086885,87.0,237.52963194011232,734.6956674004402,6.121457489878543,137.1712928232058,129.0958904109589,78.98630136986301,88.52830188679245,107.77358490566037,215.81679389312976,1833.2824427480914,3181.5572519083967
2016-06-03 00:00:00,617.8009478672986,725.4810426540286,69.64383561643835,159.6712328767123,118.0,919.1922867584169,2418.091550236819,3013.578559855128,565.0,498.1563981042654,1295.4241706161138,721.1303317535546,6612.38485158649,918.0,423.3643807574207,133.1064483111566,908.9848168158694,327.85854616895875,96.0,232.3206487835309,712.8730238142886,4.0809716599190295,130.1625406351588,124.0,76.43835616438356,83.71698113207547,103.9245283018868,211.17557251908397,1784.5496183206105,3095.6946564885493
2016-06-04 00:00:00,588.4336492890995,684.1492890995262,66.24657534246575,151.17808219178082,108.0,870.3212036389084,2282.77002568633,2849.1069147922226,499.0,473.13981042654035,1222.5497630331754,764.6374407582939,6246.556806550666,903.0,481.75946775844426,126.23643807574209,862.1835390621919,313.2870552281162,158.0,211.48471615720524,678.5802981789074,26.526315789473685,125.15628907226805,115.5068493150685,71.34246575342466,79.86792452830188,101.0377358490566,200.7328244274809,1685.9236641221373,2923.969465648855
2016-06-05 00:00:00,552.5402843601896,643.9052132701422,64.54794520547945,142.6849315068493,101.0,819.3704999611228,2151.612240352779,2680.471430613801,481.0,447.0355450236967,1146.4123222748815,714.6042654028437,5883.305015353122,942.0,474.8894575230297,117.64892528147391,806.022005757779,291.4298188168523,96.0,203.150343106675,633.8958375025015,16.323886639676115,116.14503625906475,112.95890410958904,68.79452054794521,76.98113207547169,90.45283018867924,191.4503816793893,1588.4580152671756,2754.564885496183
2016-06-06 00:00:00,628.6777251184835,735.2701421800949,71.34246575342466,162.21917808219177,119.0,930.6301998289402,2444.1149203426826,3050.0121521158976,502.0,509.0331753554503,1309.5639810426542,1052.872037914692,6694.824974411464,558.0,603.7021494370522,134.82395087001024,919.3851007611311,333.0626500764026,166.0,235.44603867747975,725.3431058635181,9.182186234817815,133.16629157289321,128.24657534246575,78.98630136986301,86.60377358490565,105.84905660377358,213.49618320610685,1808.916030534351,3138.625954198473
2016-06-07 00:00:00,635.2037914691944,745.0592417061612,71.34246575342466,166.46575342465752,119.0,946.2273540160174,2483.670442903595,3090.609583492185,393.0,514.4715639810427,1329.142180094787,950.6303317535546,6791.863868986695,545.0,664.6734902763562,137.4002047082907,931.8654414954451,336.18511242086885,91.0,237.52963194011232,734.6956674004402,4.0809716599190295,137.1712928232058,129.0958904109589,78.98630136986301,88.52830188679245,107.77358490566037,215.81679389312976,1833.2824427480914,3181.5572519083967
2016-06-08 00:00:00,689.5876777251185,803.7938388625594,79.83561643835617,179.2054794520548,129.0,1027.3325557888188,2687.693664533563,3352.9314477697294,412.0,559.0663507109006,1433.5592417061614,817.9336492890995,7360.357215967248,645.0,589.9621289662232,149.42272262026614,1010.9075994794337,367.40973586553156,120.0,258.36556456643797,793.9285571342805,9.182186234817815,151.1887971992998,140.13698630136986,82.38356164383562,97.18867924528301,120.28301886792453,232.06106870229007,1987.6030534351144,3453.068702290076
2016-06-09 00:00:00,635.2037914691944,745.0592417061612,71.34246575342466,166.46575342465752,119.0,946.2273540160174,2483.670442903595,3090.609583492185,463.0,514.4715639810427,1329.142180094787,852.7393364928911,6791.863868986695,682.0,466.30194472876155,137.4002047082907,931.8654414954451,336.18511242086885,101.0,237.52963194011232,734.6956674004402,4.080971659919029,137.1712928232058,129.0958904109589,78.98630136986301,88.52830188679245,107.77358490566037,215.81679389312976,1833.2824427480914,3181.5572519083967
2016-06-10 00:00:00,617.8009478672986,725.4810426540286,69.64383561643835,159.6712328767123,118.0,919.1922867584169,2418.091550236819,3013.578559855128,467.0,498.1563981042654,1295.4241706161138,828.8104265402844,6612.38485158649,984.0,477.4657113613102,133.1064483111566,908.9848168158694,327.85854616895875,93.0,232.3206487835309,712.8730238142886,5.101214574898786,130.1625406351588,124.0,76.43835616438356,83.71698113207547,103.9245283018868,211.17557251908397,1784.5496183206105,3095.6946564885493
2016-06-11 00:00:00,588.4336492890995,684.1492890995262,66.24657534246575,151.17808219178082,108.0,870.3212036389084,2282.77002568633,2849.1069147922226,466.0,473.13981042654035,1222.5497630331754,838.5995260663508,6246.556806550666,1125.0,542.7308085977483,126.23643807574209,862.1835390621919,313.2870552281162,93.0,211.48471615720524,678.5802981789074,122.42914979757086,125.15628907226805,115.5068493150685,71.34246575342466,79.86792452830188,101.0377358490566,200.7328244274809,1685.9236641221373,2923.969465648855
2016-06-12 00:00:00,552.5402843601896,643.9052132701422,64.54794520547945,142.6849315068493,101.0,819.3704999611228,2151.612240352779,2680.471430613801,498.0,447.0355450236967,1146.4123222748815,899.5094786729859,5883.305015353122,777.0,495.4994882292733,117.64892528147391,806.022005757779,291.4298188168523,121.0,203.150343106675,633.8958375025015,208.12955465587046,116.14503625906475,112.95890410958904,68.79452054794521,76.98113207547169,90.45283018867924,191.4503816793893,1588.4580152671756,2754.564885496183
2016-06-13 00:00:00,628.6777251184835,735.2701421800949,71.34246575342466,162.21917808219177,119.0,930.6301998289402,2444.1149203426826,3050.0121521158976,444.0,509.0331753554503,1309.5639810426542,962.5947867298579,6694.824974411464,590.0,693.0122824974412,134.82395087001024,919.3851007611311,333.0626500764026,145.0,235.44603867747975,725.3431058635181,74.47773279352228,133.16629157289321,128.24657534246575,78.98630136986301,86.60377358490565,105.84905660377358,213.49618320610685,1808.916030534351,3138.625954198473
2016-06-14 00:00:00,635.2037914691944,745.0592417061612,71.34246575342466,166.46575342465752,119.0,946.2273540160174,2483.670442903595,3090.609583492185,360.0,514.4715639810427,1329.142180094787,870.1421800947868,6791.863868986695,701.0,792.627430910952,137.4002047082907,931.8654414954451,336.18511242086885,108.0,237.52963194011232,734.6956674004402,20.40485829959514,137.1712928232058,129.0958904109589,78.98630136986301,88.52830188679245,107.77358490566037,215.81679389312976,1833.2824427480914,3181.5572519083967
2016-06-15 00:00:00,689.5876777251185,803.7938388625594,79.83561643835617,179.2054794520548,129.0,1027.3325557888188,2687.693664533563,3352.9314477697294,399.0,559.0663507109006,1433.5592417061614,751.5853080568721,7360.357215967248,614.0,802.073694984647,149.42272262026614,1010.9075994794337,367.40973586553156,95.0,258.36556456643797,793.9285571342805,10.202429149797572,151.1887971992998,140.13698630136986,82.38356164383562,97.18867924528301,120.28301886792453,232.06106870229007,1987.6030534351144,3453.068702290076
2016-06-16 00:00:00,635.2037914691944,745.0592417061612,71.34246575342466,166.46575342465752,119.0,946.2273540160174,2483.670442903595,3090.609583492185,398.0,514.4715639810427,1329.142180094787,767.9004739336493,6791.863868986695,703.0,520.403275332651,137.4002047082907,931.8654414954451,336.18511242086885,132.0,237.52963194011232,734.6956674004402,70.39676113360325,137.1712928232058,129.0958904109589,78.98630136986301,88.52830188679245,107.77358490566037,215.81679389312976,1833.2824427480914,3181.5572519083967
2016-06-17 00:00:00,617.8009478672986,725.4810426540286,69.64383561643835,159.6712328767123,118.0,919.1922867584169,2418.091550236819,3013.578559855128,510.0,498.1563981042654,1295.4241706161138,742.8838862559243,6612.38485158649,949.0,486.05322415557833,133.1064483111566,908.9848168158694,327.85854616895875,99.0,232.3206487835309,712.8730238142886,7.1417004048583,130.1625406351588,124.0,76.43835616438356,83.71698113207547,103.9245283018868,211.17557251908397,1784.5496183206105,3095.6946564885493
2016-06-18 00:00:00,588.4336492890995,684.1492890995262,66.24657534246575,151.17808219178082,108.0,870.3212036389084,2282.77002568633,2849.1069147922226,507.0,473.13981042654035,1222.5497630331754,802.7061611374409,6246.556806550666,1066.0,516.1095189355169,126.23643807574209,862.1835390621919,313.2870552281162,107.0,211.48471615720524,678.5802981789074,1.0202429149797572,125.15628907226805,115.5068493150685,71.34246575342466,79.86792452830188,101.0377358490566,200.7328244274809,1685.9236641221373,2923.969465648855
2016-06-19 00:00:00,552.5402843601896,643.9052132701422,64.54794520547945,142.6849315068493,101.0,819.3704999611228,2151.612240352779,2680.471430613801,420.0,447.0355450236967,1146.4123222748815,802.7061611374409,5883.305015353122,1051.0,537.5783009211873,117.64892528147391,806.022005757779,291.4298188168523,161.0,203.150343106675,633.8958375025015,1.0202429149797572,116.14503625906475,112.95890410958904,68.79452054794521,76.98113207547169,90.45283018867924,191.4503816793893,1588.4580152671756,2754.564885496183
2016-06-20 00:00:00,628.6777251184835,735.2701421800949,71.34246575342466,162.21917808219177,119.0,930.6301998289402,2444.1149203426826,3050.0121521158976,431.0,509.0331753554503,1309.5639810426542,1069.1872037914693,6694.824974411464,950.0,710.1873080859775,134.82395087001024,919.3851007611311,333.0626500764026,214.0,235.44603867747975,725.3431058635181,0.0,133.16629157289321,128.24657534246575,78.98630136986301,86.60377358490565,105.84905660377358,213.49618320610685,1808.916030534351,3138.625954198473
2016-06-21 00:00:00,635.2037914691944,745.0592417061612,71.34246575342466,166.46575342465752,119.0,946.2273540160174,2483.670442903595,3090.609583492185,507.0,514.4715639810427,1329.142180094787,1010.4526066350711,6791.863868986695,1364.0,931.7451381780962,137.4002047082907,931.8654414954451,336.18511242086885,104.0,237.52963194011232,734.6956674004402,9.182186234817815,137.1712928232058,129.0958904109589,78.98630136986301,88.52830188679245,107.77358490566037,215.81679389312976,1833.2824427480914,3181.5572519083967
2016-06-22 00:00:00,689.5876777251185,803.7938388625594,79.83561643835617,179.2054794520548,129.0,1027.3325557888188,2687.693664533563,3352.9314477697294,478.0,559.0663507109006,1433.5592417061614,1640.2180094786731,7360.357215967248,777.0,605.4196519959058,149.42272262026614,1010.9075994794337,367.40973586553156,131.0,258.36556456643797,793.9285571342805,3.0607287449392717,151.1887971992998,140.13698630136986,82.38356164383562,97.18867924528301,120.28301886792453,232.06106870229007,1987.6030534351144,3453.068702290076
2016-06-23 00:00:00,635.2037914691944,745.0592417061612,71.34246575342466,166.46575342465752,119.0,946.2273540160174,2483.670442903595,3090.609583492185,422.0,514.4715639810427,1329.142180094787,1171.4289099526068,6791.863868986695,704.0,637.193449334698,137.4002047082907,931.8654414954451,336.18511242086885,187.0,237.52963194011232,734.6956674004402,38.769230769230774,137.1712928232058,129.0958904109589,78.98630136986301,88.52830188679245,107.77358490566037,215.81679389312976,1833.2824427480914,3181.5572519083967
2016-06-24 00:00:00,617.8009478672986,725.4810426540286,69.64383561643835,159.6712328767123,118.0,919.1922867584169,2418.091550236819,3013.578559855128,484.0,498.1563981042654,1295.4241706161138,1183.3933649289102,6612.38485158649,915.0,558.188331627431,133.1064483111566,908.9848168158694,327.85854616895875,92.0,232.3206487835309,712.8730238142886,19.384615384615387,130.1625406351588,124.0,76.43835616438356,83.71698113207547,103.9245283018868,211.17557251908397,1784.5496183206105,3095.6946564885493
2016-06-25 00:00:00,588.4336492890995,684.1492890995262,66.24657534246575,151.17808219178082,108.0,870.3212036389084,2282.77002568633,2849.1069147922226,459.0,473.13981042654035,1222.5497630331754,1019.1540284360191,6246.556806550666,939.0,529.849539406346,126.23643807574209,862.1835390621919,313.2870552281162,118.0,211.48471615720524,678.5802981789074,1.0202429149797572,125.15628907226805,115.5068493150685,71.34246575342466,79.86792452830188,101.0377358490566,200.7328244274809,1685.9236641221373,2923.969465648855
2016-06-26 00:00:00,552.5402843601896,643.9052132701422,64.54794520547945,142.6849315068493,101.0,819.3704999611228,2151.612240352779,2680.471430613801,519.0,447.0355450236967,1146.4123222748815,895.158767772512,5883.305015353122,965.0,521.2620266120779,117.64892528147391,806.022005757779,291.4298188168523,106.0,203.150343106675,633.8958375025015,3.0607287449392717,116.14503625906475,112.95890410958904,68.79452054794521,76.98113207547169,90.45283018867924,191.4503816793893,1588.4580152671756,2754.564885496183
2016-06-27 00:00:00,628.6777251184835,735.2701421800949,71.34246575342466,162.21917808219177,119.0,930.6301998289402,2444.1149203426826,3050.0121521158976,500.0,509.0331753554503,1309.5639810426542,1069.1872037914693,6694.824974411464,744.0,714.4810644831116,134.82395087001024,919.3851007611311,333.0626500764026,40.0,235.44603867747975,725.3431058635181,38.769230769230774,133.16629157289321,128.24657534246575,78.98630136986301,86.60377358490565,105.84905660377358,213.49618320610685,1808.916030534351,3138.625954198473
2016-06-28 00:00:00,635.2037914691944,745.0592417061612,71.34246575342466,166.46575342465752,119.0,946.2273540160174,2483.670442903595,3090.609583492185,430.0,514.4715639810427,1329.142180094787,1065.9241706161138,6791.863868986695,734.0,779.7461617195497,137.4002047082907,931.8654414954451,336.18511242086885,49.0,237.52963194011232,734.6956674004402,43.87044534412956,137.1712928232058,129.0958904109589,78.98630136986301,88.52830188679245,107.77358490566037,215.81679389312976,1833.2824427480914,3181.5572519083967
2016-06-29 00:00:00,689.5876777251185,803.7938388625594,79.83561643835617,179.2054794520548,129.0,1027.3325557888188,2687.693664533563,3352.9314477697294,455.0,559.0663507109006,1433.5592417061614,851.6516587677726,7360.357215967248,755.0,660.3797338792222,149.42272262026614,1010.9075994794337,367.40973586553156,28.0,258.36556456643797,793.9285571342805,47.95141700404859,151.1887971992998,140.13698630136986,82.38356164383562,97.18867924528301,120.28301886792453,232.06106870229007,1987.6030534351144,3453.068702290076
2016-06-30 00:00:00,635.2037914691944,745.0592417061612,71.34246575342466,166.46575342465752,119.0,946.2273540160174,2483.670442903595,3090.609583492185,569.0,514.4715639810427,1329.142180094787,871.2298578199053,6791.863868986695,1035.0,603.7021494370523,137.4002047082907,931.8654414954451,336.18511242086885,13.0,237.52963194011232,734.6956674004402,43.87044534412956,137.1712928232058,129.0958904109589,78.98630136986301,88.52830188679245,107.77358490566037,215.81679389312976,1833.2824427480914,3181.5572519083967
2016-07-01 00:00:00,638.9841269841269,749.0793650793651,90.89473684210527,204.51315789473685,90.0,958.8625264232087,2519.6020662480328,3136.1832776965243,433.0,515.936507936508,1336.2539682539682,694.031746031746,8206.832266325224,1179.0,720.3457106274008,165.52624839948783,949.3148011237618,342.20165407392284,30.0,241.6271186440678,746.039239615114,44.0,139.26042154566744,157.0,97.0921052631579,97.27586206896551,121.33333333333333,219.7278911564626,1856.1224489795918,3221.904761904762
2016-07-02 00:00:00,606.6031746031746,706.984126984127,84.69736842105264,193.1513157894737,86.25,908.9434361105036,2380.0869105136376,2969.6971050251764,455.0,490.03174603174597,1262.8571428571427,795.4920634920634,7751.124199743918,1144.0,635.539052496799,156.3303457106274,895.2464882448619,326.59975495201144,35.0,226.00467562828754,705.5162168505047,40.0,130.24355971896955,147.70394736842107,91.92763157894737,89.95402298850574,112.9655172413793,209.31972789115645,1750.8843537414964,3040.3401360544217
2016-07-03 00:00:00,572.063492063492,663.8095238095237,80.56578947368422,182.82236842105263,78.75,855.9044026532546,2239.5305969006276,2792.8055465618686,472.0,464.1269841269841,1191.6190476190475,713.4603174603175,7297.45966709347,954.0,666.192061459667,145.0909090909091,842.2179506136331,307.87747600571777,36.0,211.4237288135593,660.8369866228586,37.0,121.22669789227166,140.47368421052633,84.69736842105264,86.81609195402298,105.64367816091954,198.91156462585033,1649.1156462585034,2863.4013605442174
2016-07-04 00:00:00,648.6984126984127,757.7142857142857,91.92763157894737,207.61184210526318,91.5,971.342299001385,2553.960276242324,3178.8453594435578,527.0,524.5714285714286,1351.3650793650793,1056.6984126984125,8311.052496798975,764.0,683.5620998719589,166.54801536491675,957.6330031051309,347.40228711455995,20.0,245.79310344827584,752.2735508096692,45.0,140.2622950819672,159.06578947368422,98.125,98.32183908045977,122.37931034482757,220.8843537414966,1881.56462585034,3264.6938775510203
2016-07-05 00:00:00,655.1746031746031,768.5079365079365,92.96052631578948,209.67763157894737,93.0,987.9819957722866,2591.4419598724603,3223.5885183489827,473.0,533.2063492063492,1376.1904761904761,865.6507936507936,8419.359795134442,707.0,734.6504481434058,171.65685019206146,971.1500813248559,350.5226669389422,21.0,247.8760958503799,764.7421731987797,45.0,143.2679156908665,163.19736842105266,98.125,99.36781609195403,123.42528735632183,220.8843537414966,1904.6938775510203,3312.108843537415
2016-07-06 00:00:00,717.7777777777777,834.3492063492063,98.125,227.23684210526318,101.25,1067.0205554340696,2802.797009231283,3495.1690875191193,470.0,577.4603174603174,1485.2063492063492,696.1904761904761,9130.509603072984,752.0,631.4519846350832,184.93982074263764,1053.292325890877,379.6462119665101,16.0,265.58153126826414,828.1243370100916,48.0,156.29227166276345,180.75657894736844,104.32236842105264,111.91954022988506,131.79310344827584,240.54421768707482,2060.816326530612,3587.34693877551
2016-07-07 00:00:00,655.1746031746031,768.5079365079365,92.96052631578948,209.67763157894737,93.0,987.9819957722866,2591.4419598724603,3223.5885183489827,459.0,532.1269841269841,1376.1904761904761,719.936507936508,8419.359795134442,759.0,576.2765685019206,171.65685019206146,971.1500813248559,350.5226669389422,21.0,247.8760958503799,764.7421731987797,45.0,143.2679156908665,163.19736842105266,98.125,99.36781609195403,123.42528735632183,220.8843537414966,1904.6938775510203,3312.108843537415
2016-07-08 00:00:00,638.9841269841269,749.0793650793651,90.89473684210527,204.51315789473685,90.0,958.8625264232087,2519.6020662480328,3136.1832776965243,496.0,515.936507936508,1336.2539682539682,746.9206349206348,8206.832266325224,870.0,589.5595390524968,165.52624839948783,949.3148011237618,342.20165407392284,42.0,241.6271186440678,746.039239615114,44.0,139.26042154566744,157.0,97.0921052631579,97.27586206896551,121.33333333333333,219.7278911564626,1856.1224489795918,3221.904761904762
2016-07-09 00:00:00,606.6031746031746,706.984126984127,84.69736842105264,193.1513157894737,86.25,908.9434361105036,2380.0869105136376,2969.6971050251764,449.0,490.03174603174597,1262.8571428571427,729.6507936507936,7751.124199743918,824.0,630.4302176696542,156.3303457106274,895.2464882448619,326.59975495201144,40.0,226.00467562828754,705.5162168505047,40.0,130.24355971896955,147.70394736842107,91.92763157894737,89.95402298850574,112.9655172413793,209.31972789115645,1750.8843537414964,3040.3401360544217
2016-07-10 00:00:00,572.063492063492,663.8095238095237,80.56578947368422,182.82236842105263,78.75,855.9044026532546,2239.5305969006276,2792.8055465618686,419.0,464.1269841269841,1191.6190476190475,837.5873015873016,7297.45966709347,845.0,666.192061459667,145.0909090909091,842.2179506136331,307.87747600571777,33.0,211.4237288135593,660.8369866228586,37.0,121.22669789227166,140.47368421052633,84.69736842105264,86.81609195402298,105.64367816091954,198.91156462585033,1649.1156462585034,2863.4013605442174
2016-07-11 00:00:00,648.6984126984127,757.7142857142857,91.92763157894737,207.61184210526318,91.5,971.342299001385,2553.960276242324,3178.8453594435578,437.0,524.5714285714286,1351.3650793650793,887.2380952380952,8311.052496798975,740.0,689.6927016645326,166.54801536491675,957.6330031051309,347.40228711455995,40.0,245.79310344827584,752.2735508096692,45.0,140.2622950819672,159.06578947368422,98.125,98.32183908045977,122.37931034482757,220.8843537414966,1881.56462585034,3264.6938775510203
2016-07-12 00:00:00,655.1746031746031,768.5079365079365,92.96052631578948,209.67763157894737,93.0,987.9819957722866,2591.4419598724603,3223.5885183489827,409.0,533.2063492063492,1376.1904761904761,949.8412698412698,8419.359795134442,738.0,700.9321382842509,171.65685019206146,971.1500813248559,350.5226669389422,29.0,247.8760958503799,764.7421731987797,45.0,143.2679156908665,163.19736842105266,98.125,99.36781609195403,123.42528735632183,220.8843537414966,1904.6938775510203,3312.108843537415
2016-07-13 00:00:00,717.7777777777777,834.3492063492063,98.125,227.23684210526318,101.25,1067.0205554340696,2802.797009231283,3495.1690875191193,398.0,577.4603174603174,1485.2063492063492,753.3968253968253,9130.509603072984,747.0,616.1254801536492,184.93982074263764,1053.292325890877,379.6462119665101,23.0,265.58153126826414,828.1243370100916,48.0,156.29227166276345,180.75657894736844,104.32236842105264,111.91954022988506,131.79310344827584,240.54421768707482,2060.816326530612,3587.34693877551
2016-07-14 00:00:00,655.1746031746031,768.5079365079365,92.96052631578948,209.67763157894737,93.0,987.9819957722866,2591.4419598724603,3223.5885183489827,489.0,532.1269841269841,1376.1904761904761,768.5079365079365,8419.359795134442,855.0,562.9935979513444,171.65685019206146,971.1500813248559,350.5226669389422,34.0,247.8760958503799,764.7421731987797,45.0,143.2679156908665,163.19736842105266,98.125,99.36781609195403,123.42528735632183,220.8843537414966,1904.6938775510203,3312.108843537415
2016-07-15 00:00:00,638.9841269841269,749.0793650793651,90.89473684210527,204.51315789473685,90.0,958.8625264232087,2519.6020662480328,3136.1832776965243,543.0,515.936507936508,1336.2539682539682,275.23809523809524,8206.832266325224,843.0,515.9923175416133,165.52624839948783,949.3148011237618,342.20165407392284,38.0,241.6271186440678,746.039239615114,44.0,139.26042154566744,157.0,97.0921052631579,97.27586206896551,121.33333333333333,219.7278911564626,1856.1224489795918,3221.904761904762
2016-07-16 00:00:00,606.6031746031746,706.984126984127,84.69736842105264,193.1513157894737,86.25,908.9434361105036,2380.0869105136376,2969.6971050251764,598.0,490.03174603174597,1262.8571428571427,286.031746031746,7751.124199743918,717.0,663.1267605633802,156.3303457106274,895.2464882448619,326.59975495201144,39.0,226.00467562828754,705.5162168505047,40.0,130.24355971896955,147.70394736842107,91.92763157894737,89.95402298850574,112.9655172413793,209.31972789115645,1750.8843537414964,3040.3401360544217
2016-07-17 00:00:00,572.063492063492,663.8095238095237,80.56578947368422,182.82236842105263,78.75,855.9044026532546,2239.5305969006276,2792.8055465618686,492.0,464.1269841269841,1191.6190476190475,301.1428571428571,7297.45966709347,733.0,645.7567221510883,145.0909090909091,842.2179506136331,307.87747600571777,32.0,211.4237288135593,660.8369866228586,37.0,121.22669789227166,140.47368421052633,84.69736842105264,86.81609195402298,105.64367816091954,198.91156462585033,1649.1156462585034,2863.4013605442174
2016-07-18 00:00:00,648.6984126984127,757.7142857142857,91.92763157894737,207.61184210526318,91.5,971.342299001385,2553.960276242324,3178.8453594435578,472.0,524.5714285714286,1351.3650793650793,478.1587301587301,8311.052496798975,681.0,804.1306017925735,166.54801536491675,957.6330031051309,347.40228711455995,28.0,245.79310344827584,752.2735508096692,45.0,140.2622950819672,159.06578947368422,98.125,98.32183908045977,122.37931034482757,220.8843537414966,1881.56462585034,3264.6938775510203
2016-07-19 00:00:00,655.1746031746031,768.5079365079365,92.96052631578948,209.67763157894737,93.0,987.9819957722866,2591.4419598724603,3223.5885183489827,457.0,533.2063492063492,1376.1904761904761,383.17460317460313,8419.359795134442,607.0,795.956466069142,171.65685019206146,971.1500813248559,350.5226669389422,15.0,247.8760958503799,764.7421731987797,45.0,143.2679156908665,163.19736842105266,98.125,99.36781609195403,123.42528735632183,220.8843537414966,1904.6938775510203,3312.108843537415
2016-07-20 00:00:00,717.7777777777777,834.3492063492063,98.125,227.23684210526318,101.25,1067.0205554340696,2802.797009231283,3495.1690875191193,436.0,577.4603174603174,1485.2063492063492,187.8095238095238,9130.509603072984,567.0,779.608194622279,184.93982074263764,1053.292325890877,379.6462119665101,34.0,265.58153126826414,828.1243370100916,48.0,156.29227166276345,180.75657894736844,104.32236842105264,111.91954022988506,131.79310344827584,240.54421768707482,2060.816326530612,3587.34693877551
2016-07-21 00:00:00,655.1746031746031,768.5079365079365,92.96052631578948,209.67763157894737,93.0,987.9819957722866,2591.4419598724603,3223.5885183489827,455.0,532.1269841269841,1376.1904761904761,1.0793650793650793,8419.359795134442,610.0,718.3021766965428,171.65685019206146,971.1500813248559,350.5226669389422,17.0,247.8760958503799,764.7421731987797,45.0,143.2679156908665,163.19736842105266,98.125,99.36781609195403,123.42528735632183,220.8843537414966,1904.6938775510203,3312.108843537415
2016-07-22 00:00:00,638.9841269841269,749.0793650793651,90.89473684210527,204.51315789473685,90.0,958.8625264232087,2519.6020662480328,3136.1832776965243,497.0,515.936507936508,1336.2539682539682,2.1587301587301586,8206.832266325224,724.0,591.6030729833547,165.52624839948783,949.3148011237618,342.20165407392284,32.0,241.6271186440678,746.039239615114,44.0,139.26042154566744,157.0,97.0921052631579,97.27586206896551,121.33333333333333,219.7278911564626,1856.1224489795918,3221.904761904762
2016-07-23 00:00:00,606.6031746031746,706.984126984127,84.69736842105264,193.1513157894737,86.25,908.9434361105036,2380.0869105136376,2969.6971050251764,502.0,490.03174603174597,1262.8571428571427,449.015873015873,7751.124199743918,949.0,591.6030729833547,156.3303457106274,895.2464882448619,326.59975495201144,45.0,226.00467562828754,705.5162168505047,40.0,130.24355971896955,147.70394736842107,91.92763157894737,89.95402298850574,112.9655172413793,209.31972789115645,1750.8843537414964,3040.3401360544217
2016-07-24 00:00:00,572.063492063492,663.8095238095237,80.56578947368422,182.82236842105263,78.75,855.9044026532546,2239.5305969006276,2792.8055465618686,432.0,464.1269841269841,1191.6190476190475,726.4126984126983,7297.45966709347,590.0,711.1498079385403,145.0909090909091,842.2179506136331,307.87747600571777,19.0,211.4237288135593,660.8369866228586,37.0,121.22669789227166,140.47368421052633,84.69736842105264,86.81609195402298,105.64367816091954,198.91156462585033,1649.1156462585034,2863.4013605442174
2016-07-25 00:00:00,648.6984126984127,757.7142857142857,91.92763157894737,207.61184210526318,91.5,971.342299001385,2553.960276242324,3178.8453594435578,503.0,524.5714285714286,1351.3650793650793,727.4920634920634,8311.052496798975,708.0,711.1498079385403,166.54801536491675,957.6330031051309,347.40228711455995,28.0,245.79310344827584,752.2735508096692,45.0,140.2622950819672,159.06578947368422,98.125,98.32183908045977,122.37931034482757,220.8843537414966,1881.56462585034,3264.6938775510203
2016-07-26 00:00:00,655.1746031746031,768.5079365079365,92.96052631578948,209.67763157894737,93.0,987.9819957722866,2591.4419598724603,3223.5885183489827,404.0,533.2063492063492,1376.1904761904761,1011.3650793650793,8419.359795134442,751.0,806.1741357234315,171.65685019206146,971.1500813248559,350.5226669389422,23.0,247.8760958503799,764.7421731987797,45.0,143.2679156908665,163.19736842105266,98.125,99.36781609195403,123.42528735632183,220.8843537414966,1904.6938775510203,3312.108843537415
2016-07-27 00:00:00,717.7777777777777,834.3492063492063,98.125,227.23684210526318,101.25,1067.0205554340696,2802.797009231283,3495.1690875191193,412.0,577.4603174603174,1485.2063492063492,660.5714285714286,9130.509603072984,769.0,682.54033290653,184.93982074263764,1053.292325890877,379.6462119665101,23.0,265.58153126826414,828.1243370100916,48.0,156.29227166276345,180.75657894736844,104.32236842105264,111.91954022988506,131.79310344827584,240.54421768707482,2060.816326530612,3587.34693877551
2016-07-28 00:00:00,655.1746031746031,768.5079365079365,92.96052631578948,209.67763157894737,93.0,987.9819957722866,2591.4419598724603,3223.5885183489827,452.0,532.1269841269841,1376.1904761904761,623.8730158730158,8419.359795134442,763.0,483.2957746478873,171.65685019206146,971.1500813248559,350.5226669389422,33.0,247.8760958503799,764.7421731987797,45.0,143.2679156908665,163.19736842105266,98.125,99.36781609195403,123.42528735632183,220.8843537414966,1904.6938775510203,3312.108843537415
2016-07-29 00:00:00,638.9841269841269,749.0793650793651,90.89473684210527,204.51315789473685,90.0,958.8625264232087,2519.6020662480328,3136.1832776965243,551.0,515.936507936508,1336.2539682539682,570.984126984127,8206.832266325224,873.0,561.9718309859154,165.52624839948783,949.3148011237618,342.20165407392284,65.0,241.6271186440678,746.039239615114,44.0,139.26042154566744,157.0,97.0921052631579,97.27586206896551,121.33333333333333,219.7278911564626,1856.1224489795918,3221.904761904762
2016-07-30 00:00:00,606.6031746031746,706.984126984127,84.69736842105264,193.1513157894737,86.25,908.9434361105036,2380.0869105136376,2969.6971050251764,608.0,490.03174603174597,1262.8571428571427,1036.1904761904761,7751.124199743918,969.0,477.1651728553137,156.3303457106274,895.2464882448619,326.59975495201144,109.0,226.00467562828754,705.5162168505047,69.0,130.24355971896955,147.70394736842107,91.92763157894737,89.95402298850574,112.9655172413793,209.31972789115645,1750.8843537414964,3040.3401360544217
2016-07-31 00:00:00,572.063492063492,663.8095238095237,80.56578947368422,182.82236842105263,78.75,855.9044026532546,2239.5305969006276,2792.8055465618686,472.0,464.1269841269841,1191.6190476190475,980.063492063492,7297.45966709347,1009.0,502.7093469910371,145.0909090909091,842.2179506136331,307.87747600571777,116.0,211.4237288135593,660.8369866228586,69.0,121.22669789227166,140.47368421052633,84.69736842105264,86.81609195402298,105.64367816091954,198.91156462585033,1649.1156462585034,2863.4013605442174
2016-08-01 00:00:00,618.0,723.0,69.75,154.5,123.42857142857143,1002.5897363993271,2632.1344906447684,3272.8252213576607,453.0,502.0,1291.0,835.0,9157.18134715026,944.0,674.5440414507773,185.85492227979276,991.2703720814528,357.48423224285295,139.0,252.27838519764506,776.360137023348,47.0,144.61304055568002,120.0,72.75,67.78817733990148,84.2216748768473,211.67763157894737,1818.2565789473683,3152.3684210526317
2016-08-02 00:00:00,630.0,734.0,69.75,156.0,123.42857142857143,1014.030075715087,2667.535033636035,3317.572911188624,489.0,510.0,1308.0,929.0,9280.720207253888,672.0,728.1139896373057,189.13471502590676,1002.7121077508085,361.64102564102564,142.0,255.40580319596296,789.8710898764987,47.0,150.6385839121667,121.5,72.75,68.4729064039409,85.59113300492612,214.93421052631578,1842.1381578947369,3197.960526315789
2016-08-03 00:00:00,683.0,793.0,72.75,168.75,131.14285714285714,1097.2325434660686,2891.3914084337507,3601.668709417763,449.0,553.0,1417.0,567.0,10062.40414507772,752.0,660.3316062176166,198.97409326424872,1081.764099648175,388.66018272914823,151.0,277.29772918418837,855.3472460109979,49.0,160.6811561729778,133.5,78.0,73.95073891625617,89.69950738916258,234.4736842105263,1995.1973684210527,3461.7434210526317
2016-08-04 00:00:00,630.0,734.0,69.75,156.0,123.42857142857143,1014.030075715087,2667.535033636035,3317.572911188624,436.0,509.0,1308.0,391.0,9280.720207253888,746.0,603.4818652849742,189.13471502590676,1002.7121077508085,361.64102564102564,142.0,255.40580319596296,789.8710898764987,47.0,150.6385839121667,121.5,72.75,68.4729064039409,85.59113300492612,214.93421052631578,1842.1381578947369,3197.960526315789
2016-08-05 00:00:00,610.0,716.0,67.5,153.0,119.57142857142857,992.1894279304544,2596.733947653502,3234.321395224041,489.0,493.0,1276.0,690.0,9035.829015544043,820.0,476.6632124352332,183.66839378238345,974.6278474714809,353.3274388446802,138.0,249.15096719932714,765.9670963670783,46.0,144.61304055568002,118.5,71.25,65.04926108374384,83.53694581280789,208.42105263157893,1796.546052631579,3113.2894736842104
2016-08-06 00:00:00,579.0,676.0,63.0,143.25,114.75,934.9877313516547,2453.049390806596,3054.289991950631,434.0,468.0,1207.0,908.0,8540.58031088083,1053.0,503.9948186528498,171.64248704663214,919.4994847009489,333.58267020335984,130.0,235.5988225399495,726.4735418732533,43.0,134.57046829486893,113.25,69.75,62.31034482758621,75.32019704433499,199.73684210526315,1696.6776315789473,2939.6052631578946
2016-08-07 00:00:00,546.0,635.0,60.75,135.75,105.10714285714286,880.9061273135167,2308.3236415187707,2879.461808425007,480.0,442.0,1135.0,700.0,8044.238341968912,792.0,512.7409326424871,160.70984455958552,869.5719108710331,314.87709991158266,120.0,216.83431455004205,681.7834670512935,38.0,125.53215326013891,103.5,63.0,57.51724137931035,72.58128078817735,189.9671052631579,1595.7236842105262,2769.1776315789475
2016-08-08 00:00:00,618.0,723.0,69.75,154.5,123.42857142857143,1002.5897363993271,2632.1344906447684,3272.8252213576607,455.0,502.0,1291.0,801.0,9157.18134715026,676.0,654.8652849740934,185.85492227979276,991.2703720814528,357.48423224285295,139.0,252.27838519764506,776.360137023348,46.0,144.61304055568002,120.0,72.75,67.78817733990148,84.2216748768473,211.67763157894737,1818.2565789473683,3152.3684210526317
2016-08-09 00:00:00,630.0,734.0,69.75,156.0,123.42857142857143,1014.030075715087,2667.535033636035,3317.572911188624,399.0,510.0,1308.0,834.0,9280.720207253888,658.0,833.0673575129534,189.13471502590676,1002.7121077508085,361.64102564102564,142.0,255.40580319596296,789.8710898764987,47.0,150.6385839121667,121.5,72.75,68.4729064039409,85.59113300492612,214.93421052631578,1842.1381578947369,3197.960526315789
2016-08-10 00:00:00,683.0,793.0,72.75,168.75,131.14285714285714,1097.2325434660686,2891.3914084337507,3601.668709417763,452.0,553.0,1417.0,620.0,10062.40414507772,589.0,629.7202072538861,198.97409326424872,1081.764099648175,388.66018272914823,151.0,277.29772918418837,855.3472460109979,49.0,160.6811561729778,133.5,78.0,73.95073891625617,89.69950738916258,234.4736842105263,1995.1973684210527,3461.7434210526317
2016-08-11 00:00:00,630.0,734.0,69.75,156.0,123.42857142857143,1014.030075715087,2667.535033636035,3317.572911188624,428.0,509.0,1308.0,688.0,9280.720207253888,701.0,540.0725388601037,189.13471502590676,1002.7121077508085,361.64102564102564,142.0,255.40580319596296,789.8710898764987,47.0,150.6385839121667,121.5,72.75,68.4729064039409,85.59113300492612,214.93421052631578,1842.1381578947369,3197.960526315789
2016-08-12 00:00:00,610.0,716.0,67.5,153.0,119.57142857142857,992.1894279304544,2596.733947653502,3234.321395224041,463.0,493.0,1276.0,820.0,9035.829015544043,875.0,508.3678756476684,183.66839378238345,974.6278474714809,353.3274388446802,138.0,249.15096719932714,765.9670963670783,46.0,144.61304055568002,118.5,71.25,65.04926108374384,83.53694581280789,208.42105263157893,1796.546052631579,3113.2894736842104
2016-08-13 00:00:00,579.0,676.0,63.0,143.25,114.75,934.9877313516547,2453.049390806596,3054.289991950631,504.0,468.0,1207.0,800.0,8540.58031088083,973.0,600.2020725388602,171.64248704663214,919.4994847009489,333.58267020335984,130.0,235.5988225399495,726.4735418732533,43.0,134.57046829486893,113.25,69.75,62.31034482758621,75.32019704433499,199.73684210526315,1696.6776315789473,2939.6052631578946
2016-08-14 00:00:00,546.0,635.0,60.75,135.75,105.10714285714286,880.9061273135167,2308.3236415187707,2879.461808425007,482.0,442.0,1135.0,662.0,8044.238341968912,1138.0,557.5647668393783,160.70984455958552,869.5719108710331,314.87709991158266,120.0,216.83431455004205,681.7834670512935,38.0,125.53215326013891,103.5,63.0,57.51724137931035,72.58128078817735,189.9671052631579,1595.7236842105262,2769.1776315789475
2016-08-15 00:00:00,618.0,723.0,69.75,154.5,123.42857142857143,1002.5897363993271,2632.1344906447684,3272.8252213576607,468.0,502.0,1291.0,774.0,9157.18134715026,773.0,711.7150259067358,185.85492227979276,991.2703720814528,357.48423224285295,139.0,252.27838519764506,776.360137023348,46.0,144.61304055568002,120.0,72.75,67.78817733990148,84.2216748768473,211.67763157894737,1818.2565789473683,3152.3684210526317
2016-08-16 00:00:00,630.0,734.0,69.75,156.0,123.42857142857143,1014.030075715087,2667.535033636035,3317.572911188624,486.0,510.0,1308.0,859.0,9280.720207253888,726.0,701.8756476683939,189.13471502590676,1002.7121077508085,361.64102564102564,142.0,255.40580319596296,789.8710898764987,47.0,150.6385839121667,121.5,72.75,68.4729064039409,85.59113300492612,214.93421052631578,1842.1381578947369,3197.960526315789
2016-08-17 00:00:00,683.0,793.0,72.75,168.75,131.14285714285714,1097.2325434660686,2891.3914084337507,3601.668709417763,477.0,553.0,1417.0,657.0,10062.40414507772,754.0,596.9222797927462,198.97409326424872,1081.764099648175,388.66018272914823,151.0,277.29772918418837,855.3472460109979,49.0,160.6811561729778,133.5,78.0,73.95073891625617,89.69950738916258,234.4736842105263,1995.1973684210527,3461.7434210526317
2016-08-18 00:00:00,630.0,734.0,69.75,156.0,123.42857142857143,1014.030075715087,2667.535033636035,3317.572911188624,451.0,509.0,1308.0,678.0,9280.720207253888,800.0,452.6113989637306,189.13471502590676,1002.7121077508085,361.64102564102564,142.0,255.40580319596296,789.8710898764987,47.0,150.6385839121667,121.5,72.75,68.4729064039409,85.59113300492612,214.93421052631578,1842.1381578947369,3197.960526315789
2016-08-19 00:00:00,610.0,716.0,67.5,153.0,119.57142857142857,992.1894279304544,2596.733947653502,3234.321395224041,457.0,493.0,1276.0,774.0,9035.829015544043,997.0,474.4766839378239,183.66839378238345,974.6278474714809,353.3274388446802,138.0,249.15096719932714,765.9670963670783,46.0,144.61304055568002,118.5,71.25,65.04926108374384,83.53694581280789,208.42105263157893,1796.546052631579,3113.2894736842104
2016-08-20 00:00:00,579.0,676.0,63.0,143.25,114.75,934.9877313516547,2453.049390806596,3054.289991950631,518.0,468.0,1207.0,758.0,8540.58031088083,1007.0,617.6943005181348,171.64248704663214,919.4994847009489,333.58267020335984,130.0,235.5988225399495,726.4735418732533,43.0,134.57046829486893,113.25,69.75,62.31034482758621,75.32019704433499,199.73684210526315,1696.6776315789473,2939.6052631578946
2016-08-21 00:00:00,546.0,635.0,60.75,135.75,105.10714285714286,880.9061273135167,2308.3236415187707,2879.461808425007,422.0,442.0,1135.0,853.0,8044.238341968912,1008.0,581.6165803108809,160.70984455958552,869.5719108710331,314.87709991158266,120.0,216.83431455004205,681.7834670512935,38.0,125.53215326013891,103.5,63.0,57.51724137931035,72.58128078817735,189.9671052631579,1595.7236842105262,2769.1776315789475
2016-08-22 00:00:00,618.0,723.0,69.75,154.5,123.42857142857143,1002.5897363993271,2632.1344906447684,3272.8252213576607,413.0,502.0,1291.0,983.0,9157.18134715026,789.0,720.4611398963731,185.85492227979276,991.2703720814528,357.48423224285295,139.0,252.27838519764506,776.360137023348,46.0,144.61304055568002,120.0,72.75,67.78817733990148,84.2216748768473,211.67763157894737,1818.2565789473683,3152.3684210526317
2016-08-23 00:00:00,630.0,734.0,69.75,156.0,123.42857142857143,1014.030075715087,2667.535033636035,3317.572911188624,434.0,510.0,1308.0,892.0,9280.720207253888,791.0,889.9170984455959,189.13471502590676,1002.7121077508085,361.64102564102564,142.0,255.40580319596296,789.8710898764987,47.0,150.6385839121667,121.5,72.75,68.4729064039409,85.59113300492612,214.93421052631578,1842.1381578947369,3197.960526315789
2016-08-24 00:00:00,683.0,793.0,72.75,168.75,131.14285714285714,1097.2325434660686,2891.3914084337507,3601.668709417763,453.0,553.0,1417.0,751.0,10062.40414507772,879.0,694.2227979274612,198.97409326424872,1081.764099648175,388.66018272914823,151.0,277.29772918418837,855.3472460109979,49.0,160.6811561729778,133.5,78.0,73.95073891625617,89.69950738916258,234.4736842105263,1995.1973684210527,3461.7434210526317
2016-08-25 00:00:00,630.0,734.0,69.75,156.0,123.42857142857143,1014.030075715087,2667.535033636035,3317.572911188624,445.0,509.0,1308.0,672.0,9280.720207253888,934.0,501.8082901554405,189.13471502590676,1002.7121077508085,361.64102564102564,142.0,255.40580319596296,789.8710898764987,47.0,150.6385839121667,121.5,72.75,68.4729064039409,85.59113300492612,214.93421052631578,1842.1381578947369,3197.960526315789
2016-08-26 00:00:00,610.0,716.0,67.5,153.0,119.57142857142857,992.1894279304544,2596.733947653502,3234.321395224041,457.0,493.0,1276.0,848.0,9035.829015544043,972.0,549.9119170984457,183.66839378238345,974.6278474714809,353.3274388446802,138.0,249.15096719932714,765.9670963670783,46.0,144.61304055568002,118.5,71.25,65.04926108374384,83.53694581280789,208.42105263157893,1796.546052631579,3113.2894736842104
2016-08-27 00:00:00,579.0,676.0,63.0,143.25,114.75,934.9877313516547,2453.049390806596,3054.289991950631,458.0,468.0,1207.0,837.0,8540.58031088083,973.0,528.0466321243524,171.64248704663214,919.4994847009489,333.58267020335984,130.0,235.5988225399495,726.4735418732533,43.0,134.57046829486893,113.25,69.75,62.31034482758621,75.32019704433499,199.73684210526315,1696.6776315789473,2939.6052631578946
2016-08-28 00:00:00,546.0,635.0,60.75,135.75,105.10714285714286,880.9061273135167,2308.3236415187707,2879.461808425007,427.0,442.0,1135.0,803.0,8044.238341968912,1027.0,634.0932642487047,160.70984455958552,869.5719108710331,314.87709991158266,120.0,216.83431455004205,681.7834670512935,38.0,125.53215326013891,103.5,63.0,57.51724137931035,72.58128078817735,189.9671052631579,1595.7236842105262,2769.1776315789475
2016-08-29 00:00:00,618.0,723.0,69.75,154.5,123.42857142857143,1002.5897363993271,2632.1344906447684,3272.8252213576607,414.0,502.0,1291.0,1052.0,9157.18134715026,786.0,770.7512953367876,185.85492227979276,991.2703720814528,357.48423224285295,139.0,252.27838519764506,776.360137023348,46.0,144.61304055568002,120.0,72.75,67.78817733990148,84.2216748768473,211.67763157894737,1818.2565789473683,3152.3684210526317
2016-08-30 00:00:00,630.0,734.0,69.75,156.0,123.42857142857143,1014.030075715087,2667.535033636035,3317.572911188624,362.0,510.0,1308.0,938.0,9280.720207253888,751.0,641.7461139896374,189.13471502590676,1002.7121077508085,361.64102564102564,142.0,255.40580319596296,789.8710898764987,47.0,150.6385839121667,121.5,72.75,68.4729064039409,85.59113300492612,214.93421052631578,1842.1381578947369,3197.960526315789
2016-09-01 00:00:00,1226.9801488833746,1425.275434243176,135.73136645962734,312.47670807453414,232.90285714285713,1966.7110080849925,5158.87998032811,6431.260236614416,714.0,991.4466501240694,2548.6004962779157,1493.4937965260544,17922.197817704957,1562.0,1187.0962219640655,356.5394302656242,1937.4917932872922,699.341033792978,267.0,486.7034914891103,1528.1518935965607,86.0,282.6811561729778,243.3136645962733,144.2111801242236,184.61740558292283,227.0328407224959,455.61654135338347,3850.483082706767,6682.457706766918
2016-09-02 00:00:00,533.8312655086849,614.0074441687344,62.981366459627324,141.30434782608694,99.84,841.3972223405615,2206.0925986305833,2754.635460251046,479.0,428.28287841191064,1104.198511166253,756.0918114143919,7648.98211829436,889.0,560.7152682255845,153.21870701513066,829.7335352661185,300.25531914893617,116.0,206.31109586691818,655.126627478987,37.0,119.0,109.00621118012423,65.40372670807453,108.0,133.33333333333334,216.00000000000003,1803.857142857143,3138.4285714285716
2016-09-03 00:00:00,497.2952853598015,583.5607940446649,61.366459627329185,130.80745341614906,94.08,794.5951518766242,2089.5443104010433,2606.805439330544,537.0,404.94044665012404,1040.2605459057072,779.4342431761786,7228.445667125172,1160.0,495.5158184319119,146.6987620357634,785.0235828645607,287.74468085106383,110.0,194.96398559423767,615.6110531231116,36.0,115.0,103.35403726708074,62.981366459627324,100.0,124.0,205.71428571428572,1715.1428571428573,2966.1428571428573
2016-09-04 00:00:00,468.8784119106699,551.0843672456575,55.71428571428571,122.73291925465838,91.2,749.8731734333063,1965.7117541571565,2450.6469665271966,456.0,379.56823821339947,982.4119106699751,821.0446650124069,6805.735900962861,968.0,568.321870701513,135.8321870701513,739.273864128083,268.97872340425533,103.0,183.6168753215572,582.3347799813217,34.0,109.0,96.08695652173913,61.366459627329185,92.0,114.66666666666666,192.85714285714286,1609.7142857142858,2796.4285714285716
2016-09-05 00:00:00,537.8908188585608,622.1265508684863,62.981366459627324,142.91925465838509,100.8,855.9578664848975,2235.2296706879683,2788.9903242677824,546.0,435.3870967741935,1118.4069478908186,946.8908188585607,7748.954607977991,1004.0,669.3810178817056,154.30536451169186,837.0118996105581,307.5531914893617,116.0,209.40576230492195,660.3260451573916,37.0,121.0,109.81366459627328,66.2111801242236,110.66666666666666,134.66666666666666,221.14285714285717,1829.5714285714287,3179.571428571429
2016-09-06 00:00:00,543.9801488833747,632.2754342431762,62.981366459627324,143.72670807453414,101.75999999999999,869.4784646189239,2267.488571894359,2829.591527196653,428.0,440.4615384615384,1131.6004962779155,974.2928039702233,7859.793672627235,768.0,768.2668500687757,157.5653370013755,855.7276936391171,310.6808510638298,116.0,209.40576230492195,672.8046475855629,37.0,122.0,109.81366459627328,66.2111801242236,110.66666666666666,137.33333333333334,221.14285714285717,1855.2857142857144,3220.714285714286
2016-09-07 00:00:00,589.6501240694789,688.0942928039701,67.82608695652173,156.64596273291926,114.24,939.1615473096749,2455.838930551027,3065.911349372385,375.0,476.9975186104218,1228.0148883374688,675.9156327543424,8513.961485557084,701.0,585.7083906464924,171.69188445667123,922.2727390739939,334.6595744680851,130.0,234.16309380895214,729.998242048014,43.0,136.0,122.73291925465838,75.09316770186335,121.33333333333333,146.66666666666666,236.57142857142858,2012.1428571428573,3493.285714285714
2016-09-08 00:00:00,543.9801488833747,632.2754342431762,62.981366459627324,143.72670807453414,101.75999999999999,869.4784646189239,2267.488571894359,2829.591527196653,374.0,439.44665012406944,1131.6004962779155,740.8684863523573,7859.793672627235,668.0,510.7290233837689,157.5653370013755,855.7276936391171,310.6808510638298,116.0,209.40576230492195,672.8046475855629,37.0,122.0,109.81366459627328,66.2111801242236,110.66666666666666,137.33333333333334,221.14285714285717,1855.2857142857144,3220.714285714286
2016-09-09 00:00:00,533.8312655086849,614.0074441687344,62.981366459627324,141.30434782608694,99.84,841.3972223405615,2206.0925986305833,2754.635460251046,411.0,428.28287841191064,1104.198511166253,783.4937965260546,7648.98211829436,859.0,561.8019257221458,153.21870701513066,829.7335352661185,300.25531914893617,116.0,206.31109586691818,655.126627478987,37.0,119.0,109.00621118012423,65.40372670807453,108.0,133.33333333333334,216.00000000000003,1803.857142857143,3138.4285714285716
2016-09-10 00:00:00,497.2952853598015,583.5607940446649,61.366459627329185,130.80745341614906,94.08,794.5951518766242,2089.5443104010433,2606.805439330544,421.0,404.94044665012404,1040.2605459057072,787.5533498759305,7228.445667125172,897.0,559.6286107290233,146.6987620357634,785.0235828645607,287.74468085106383,110.0,194.96398559423767,615.6110531231116,36.0,115.0,103.35403726708074,62.981366459627324,100.0,124.0,205.71428571428572,1715.1428571428573,2966.1428571428573
2016-09-11 00:00:00,468.8784119106699,551.0843672456575,55.71428571428571,122.73291925465838,91.2,749.8731734333063,1965.7117541571565,2450.6469665271966,430.0,379.56823821339947,982.4119106699751,750.0024813895781,6805.735900962861,1066.0,578.1017881705639,135.8321870701513,739.273864128083,268.97872340425533,103.0,183.6168753215572,582.3347799813217,34.0,109.0,96.08695652173913,61.366459627329185,92.0,114.66666666666666,192.85714285714286,1609.7142857142858,2796.4285714285716
2016-09-12 00:00:00,537.8908188585608,622.1265508684863,62.981366459627324,142.91925465838509,100.8,855.9578664848975,2235.2296706879683,2788.9903242677824,359.0,435.3870967741935,1118.4069478908186,971.2481389578163,7748.954607977991,670.0,778.0467675378266,154.30536451169186,837.0118996105581,307.5531914893617,116.0,209.40576230492195,660.3260451573916,37.0,121.0,109.81366459627328,66.2111801242236,110.66666666666666,134.66666666666666,221.14285714285717,1829.5714285714287,3179.571428571429
2016-09-13 00:00:00,543.9801488833747,632.2754342431762,62.981366459627324,143.72670807453414,101.75999999999999,869.4784646189239,2267.488571894359,2829.591527196653,365.0,440.4615384615384,1131.6004962779155,980.3821339950372,7859.793672627235,660.0,835.6396148555708,157.5653370013755,855.7276936391171,310.6808510638298,116.0,209.40576230492195,672.8046475855629,37.0,122.0,109.81366459627328,66.2111801242236,110.66666666666666,137.33333333333334,221.14285714285717,1855.2857142857144,3220.714285714286
2016-09-14 00:00:00,589.6501240694789,688.0942928039701,67.82608695652173,156.64596273291926,114.24,939.1615473096749,2455.838930551027,3065.911349372385,350.0,476.9975186104218,1228.0148883374688,755.076923076923,8513.961485557084,593.0,762.8335625859696,171.69188445667123,922.2727390739939,334.6595744680851,130.0,234.16309380895214,729.998242048014,43.0,136.0,122.73291925465838,75.09316770186335,121.33333333333333,146.66666666666666,236.57142857142858,2012.1428571428573,3493.285714285714
2016-09-15 00:00:00,543.9801488833747,632.2754342431762,62.981366459627324,143.72670807453414,101.75999999999999,869.4784646189239,2267.488571894359,2829.591527196653,416.0,439.44665012406944,1131.6004962779155,635.320099255583,7859.793672627235,616.0,561.8019257221457,157.5653370013755,855.7276936391171,310.6808510638298,116.0,209.40576230492195,672.8046475855629,37.0,122.0,109.81366459627328,66.2111801242236,110.66666666666666,137.33333333333334,221.14285714285717,1855.2857142857144,3220.714285714286
2016-09-16 00:00:00,533.8312655086849,614.0074441687344,62.981366459627324,141.30434782608694,99.84,841.3972223405615,2206.0925986305833,2754.635460251046,441.0,428.28287841191064,1104.198511166253,715.4962779156327,7648.98211829436,736.0,1213.796423658872,153.21870701513066,829.7335352661185,300.25531914893617,116.0,206.31109586691818,655.126627478987,37.0,119.0,109.00621118012423,65.40372670807453,108.0,133.33333333333334,216.00000000000003,1803.857142857143,3138.4285714285716
2016-09-17 00:00:00,497.2952853598015,583.5607940446649,61.366459627329185,130.80745341614906,94.08,794.5951518766242,2089.5443104010433,2606.805439330544,395.0,404.94044665012404,1040.2605459057072,759.1364764267989,7228.445667125172,1078.0,758.4869325997248,146.6987620357634,785.0235828645607,287.74468085106383,110.0,194.96398559423767,615.6110531231116,36.0,115.0,103.35403726708074,62.981366459627324,100.0,124.0,205.71428571428572,1715.1428571428573,2966.1428571428573
2016-09-18 00:00:00,468.8784119106699,551.0843672456575,55.71428571428571,122.73291925465838,91.2,749.8731734333063,1965.7117541571565,2450.6469665271966,366.0,379.56823821339947,982.4119106699751,713.4665012406947,6805.735900962861,731.0,718.2806052269601,135.8321870701513,739.273864128083,268.97872340425533,97.0,183.6168753215572,582.3347799813217,34.0,109.0,96.08695652173913,61.366459627329185,92.0,114.66666666666666,192.85714285714286,1609.7142857142858,2796.4285714285716
2016-09-19 00:00:00,537.8908188585608,622.1265508684863,62.981366459627324,142.91925465838509,100.8,855.9578664848975,2235.2296706879683,2788.9903242677824,337.0,435.3870967741935,1118.4069478908186,814.955334987593,7748.954607977991,724.0,817.1664374140303,154.30536451169186,837.0118996105581,307.5531914893617,90.0,209.40576230492195,660.3260451573916,37.0,121.0,109.81366459627328,66.2111801242236,110.66666666666666,134.66666666666666,221.14285714285717,1829.5714285714287,3179.571428571429
2016-09-20 00:00:00,543.9801488833747,632.2754342431762,62.981366459627324,143.72670807453414,101.75999999999999,869.4784646189239,2267.488571894359,2829.591527196653,372.0,440.4615384615384,1131.6004962779155,824.0893300248139,7859.793672627235,779.0,824.7730398899587,157.5653370013755,855.7276936391171,310.6808510638298,93.0,209.40576230492195,672.8046475855629,37.0,122.0,109.81366459627328,66.2111801242236,110.66666666666666,137.33333333333334,221.14285714285717,1855.2857142857144,3220.714285714286
2016-09-21 00:00:00,589.6501240694789,688.0942928039701,67.82608695652173,156.64596273291926,114.24,939.1615473096749,2455.838930551027,3065.911349372385,426.0,476.9975186104218,1228.0148883374688,895.1315136476426,8513.961485557084,711.0,894.3191196698762,171.69188445667123,922.2727390739939,334.6595744680851,125.0,234.16309380895214,729.998242048014,43.0,136.0,122.73291925465838,75.09316770186335,121.33333333333333,146.66666666666666,236.57142857142858,2012.1428571428573,3493.285714285714
2016-09-22 00:00:00,543.9801488833747,632.2754342431762,62.981366459627324,143.72670807453414,101.75999999999999,869.4784646189239,2267.488571894359,2829.591527196653,440.0,439.44665012406944,1131.6004962779155,824.0893300248139,7859.793672627235,739.0,824.7730398899587,157.5653370013755,855.7276936391171,310.6808510638298,116.0,209.40576230492195,672.8046475855629,37.0,122.0,109.81366459627328,66.2111801242236,110.66666666666666,137.33333333333334,221.14285714285717,1855.2857142857144,3220.714285714286
2016-09-23 00:00:00,533.8312655086849,614.0074441687344,62.981366459627324,141.30434782608694,99.84,841.3972223405615,2206.0925986305833,2754.635460251046,510.0,428.28287841191064,1104.198511166253,802.7766749379653,7648.98211829436,805.0,805.2132049518569,153.21870701513066,829.7335352661185,300.25531914893617,116.0,206.31109586691818,655.126627478987,37.0,119.0,109.00621118012423,65.40372670807453,108.0,133.33333333333334,216.00000000000003,1803.857142857143,3138.4285714285716
2016-09-24 00:00:00,497.2952853598015,583.5607940446649,61.366459627329185,130.80745341614906,94.08,794.5951518766242,2089.5443104010433,2606.805439330544,448.0,404.94044665012404,1040.2605459057072,759.1364764267989,7228.445667125172,850.0,758.4869325997248,146.6987620357634,785.0235828645607,287.74468085106383,110.0,194.96398559423767,615.6110531231116,36.0,115.0,103.35403726708074,62.981366459627324,100.0,124.0,205.71428571428572,1715.1428571428573,2966.1428571428573
2016-09-25 00:00:00,468.8784119106699,551.0843672456575,55.71428571428571,122.73291925465838,91.2,749.8731734333063,1965.7117541571565,2450.6469665271966,402.0,379.56823821339947,982.4119106699751,713.4665012406947,6805.735900962861,945.0,718.2806052269601,135.8321870701513,739.273864128083,268.97872340425533,103.0,183.6168753215572,582.3347799813217,34.0,109.0,96.08695652173913,61.366459627329185,92.0,114.66666666666666,192.85714285714286,1609.7142857142858,2796.4285714285716
2016-09-26 00:00:00,537.8908188585608,622.1265508684863,62.981366459627324,142.91925465838509,100.8,855.9578664848975,2235.2296706879683,2788.9903242677824,410.0,435.3870967741935,1118.4069478908186,814.955334987593,7748.954607977991,637.0,817.1664374140303,154.30536451169186,837.0118996105581,307.5531914893617,116.0,209.40576230492195,660.3260451573916,37.0,121.0,109.81366459627328,66.2111801242236,110.66666666666666,134.66666666666666,221.14285714285717,1829.5714285714287,3179.571428571429
2016-09-27 00:00:00,543.9801488833747,632.2754342431762,62.981366459627324,143.72670807453414,101.75999999999999,869.4784646189239,2267.488571894359,2829.591527196653,347.0,440.4615384615384,1131.6004962779155,824.0893300248139,7859.793672627235,572.0,824.7730398899587,157.5653370013755,855.7276936391171,310.6808510638298,116.0,209.40576230492195,672.8046475855629,37.0,122.0,109.81366459627328,66.2111801242236,110.66666666666666,137.33333333333334,221.14285714285717,1855.2857142857144,3220.714285714286
2016-09-28 00:00:00,589.6501240694789,688.0942928039701,67.82608695652173,156.64596273291926,114.24,939.1615473096749,2455.838930551027,3065.911349372385,357.0,476.9975186104218,1228.0148883374688,895.1315136476426,8513.961485557084,683.0,894.3191196698762,171.69188445667123,922.2727390739939,334.6595744680851,130.0,234.16309380895214,729.998242048014,43.0,136.0,122.73291925465838,75.09316770186335,121.33333333333333,146.66666666666666,236.57142857142858,2012.1428571428573,3493.285714285714
2016-09-29 00:00:00,543.9801488833747,632.2754342431762,62.981366459627324,143.72670807453414,101.75999999999999,869.4784646189239,2267.488571894359,2829.591527196653,353.0,439.44665012406944,1131.6004962779155,824.0893300248139,7859.793672627235,712.0,824.7730398899587,157.5653370013755,855.7276936391171,310.6808510638298,116.0,209.40576230492195,672.8046475855629,37.0,122.0,109.81366459627328,66.2111801242236,110.66666666666666,137.33333333333334,221.14285714285717,1855.2857142857144,3220.714285714286
2016-09-30 00:00:00,533.8312655086849,614.0074441687344,62.981366459627324,141.30434782608694,99.84,841.3972223405615,2206.0925986305833,2754.635460251046,424.0,426.25310173697267,1104.198511166253,802.7766749379653,7648.98211829436,740.0,805.2132049518569,153.21870701513066,829.7335352661185,300.25531914893617,116.0,206.31109586691818,655.126627478987,37.0,119.0,109.00621118012423,65.40372670807453,108.0,133.33333333333334,216.00000000000003,1803.857142857143,3138.4285714285716
2016-10-01 00:00:00,419.6923076923077,486.46153846153845,55.34513274336283,123.82300884955752,59.4,635.3830745341616,1673.6909978072345,2090.6215984776404,340.0,339.1452991452992,873.2991452991454,635.8974358974359,5781.473684210526,840.0,607.8348457350272,113.76588021778585,627.0211267605636,225.91479820627805,87.0,151.9565217391304,492.22467402206615,64.12067881835324,91.0,94.7433628318584,58.15929203539823,63.577464788732385,71.91549295774647,54.070796460176986,444.62831858407077,770.3008849557522
2016-10-02 00:00:00,392.13675213675214,458.9059829059829,52.530973451327434,115.38053097345133,57.199999999999996,601.0661490683229,1580.014262855337,1966.7868696479545,405.0,322.1880341880342,821.3675213675214,599.8632478632479,5447.760435571688,619.0,575.3303085299456,107.26497277676951,591.6667017027539,211.33964993490525,83.0,140.81304347826085,462.1096623202942,74.13953488372093,84.0,90.05309734513274,55.34513274336283,56.281690140845065,68.78873239436619,50.32743362831858,417.59292035398227,724.9646017699115
2016-10-03 00:00:00,449.3675213675214,521.4358974358975,58.15929203539823,127.57522123893806,64.53333333333333,684.2586956521739,1797.5524584658542,2238.3907706945765,361.0,363.5213675213675,935.8290598290598,681.4700854700855,6200.78221415608,648.0,651.1742286751361,122.43375680580762,675.8934202228296,246.73643859395344,95.0,162.08695652173913,530.6472751588097,83.15650534255187,100.0,101.30973451327434,61.91150442477876,66.70422535211267,83.38028169014083,58.23008849557522,475.8230088495575,826.0353982300885
2016-10-04 00:00:00,456.7863247863248,528.8547008547008,58.15929203539823,130.38938053097345,65.26666666666667,695.6976708074534,1822.5329211196936,2268.5689819219792,332.0,365.64102564102564,948.5470085470085,692.0683760683761,6290.7114337568055,585.0,662.0090744101633,124.60072595281306,684.212108471726,251.9418486908723,96.0,165.12608695652173,533.7626211969241,52.09805153991201,101.0,102.24778761061947,63.78761061946903,67.74647887323943,83.38028169014083,59.477876106194685,482.4778761061947,838.5132743362832
2016-10-05 00:00:00,491.7606837606838,577.6068376068376,66.60176991150443,142.58407079646017,69.66666666666667,751.8526397515528,1975.5382548744594,2456.922645099905,394.0,396.3760683760684,1030.1538461538462,748.2393162393163,6814.0344827586205,627.0,718.3502722323049,136.51905626134302,743.4827622451126,268.5991610010126,104.0,182.3478260869565,583.6081578067535,106.19987429289756,109.0,111.6283185840708,71.2920353982301,71.91549295774647,89.63380281690141,62.80530973451327,522.8230088495575,907.5575221238937
2016-10-06 00:00:00,456.7863247863248,528.8547008547008,58.15929203539823,130.38938053097345,65.26666666666667,695.6976708074534,1822.5329211196936,2268.5689819219792,434.0,365.64102564102564,948.5470085470085,692.0683760683761,6290.7114337568055,625.0,662.0090744101633,124.60072595281306,684.212108471726,251.9418486908723,96.0,165.12608695652173,533.7626211969241,73.13764927718417,101.0,102.24778761061947,63.78761061946903,67.74647887323943,83.38028169014083,59.477876106194685,482.4778761061947,838.5132743362832
2016-10-07 00:00:00,444.0683760683761,515.0769230769231,56.283185840707965,127.57522123893806,62.33333333333333,679.0591614906832,1775.694553643745,2208.2125594671743,561.0,356.1025641025641,924.1709401709402,672.991452991453,6123.854809437386,668.0,646.8402903811252,119.18330308529946,663.4153878494851,245.69535657456967,94.0,158.03478260869562,524.416583082581,19.03582652419862,99.0,98.49557522123894,61.91150442477876,65.6619718309859,78.16901408450704,57.81415929203539,470.0,815.221238938053
2016-10-08 00:00:00,419.6923076923077,486.46153846153845,55.34513274336283,123.82300884955752,59.4,635.3830745341616,1673.6909978072345,2090.6215984776404,472.0,339.1452991452992,873.2991452991454,635.8974358974359,5781.473684210526,782.0,607.8348457350272,113.76588021778585,627.0211267605636,225.91479820627805,87.0,151.9565217391304,492.22467402206615,40.07542426147078,91.0,94.7433628318584,58.15929203539823,63.577464788732385,71.91549295774647,54.070796460176986,444.62831858407077,770.3008849557522
2016-10-09 00:00:00,392.13675213675214,458.9059829059829,52.530973451327434,115.38053097345133,57.199999999999996,601.0661490683229,1580.014262855337,1966.7868696479545,324.0,322.1880341880342,821.3675213675214,599.8632478632479,5447.760435571688,736.0,575.3303085299456,107.26497277676951,591.6667017027539,211.33964993490525,83.0,140.81304347826085,462.1096623202942,69.13010685103708,84.0,90.05309734513274,55.34513274336283,56.281690140845065,68.78873239436619,50.32743362831858,417.59292035398227,724.9646017699115
2016-10-10 00:00:00,449.3675213675214,521.4358974358975,58.15929203539823,127.57522123893806,64.53333333333333,684.2586956521739,1797.5524584658542,2238.3907706945765,401.0,363.5213675213675,935.8290598290598,681.4700854700855,6200.78221415608,737.0,651.1742286751361,122.43375680580762,675.8934202228296,246.73643859395344,95.0,162.08695652173913,530.6472751588097,36.067881835323696,100.0,101.30973451327434,61.91150442477876,66.70422535211267,83.38028169014083,58.23008849557522,475.8230088495575,826.0353982300885
2016-10-11 00:00:00,456.7863247863248,528.8547008547008,58.15929203539823,130.38938053097345,65.26666666666667,695.6976708074534,1822.5329211196936,2268.5689819219792,397.0,365.64102564102564,948.5470085470085,692.0683760683761,6290.7114337568055,623.0,662.0090744101633,124.60072595281306,684.212108471726,251.9418486908723,96.0,165.12608695652173,533.7626211969241,22.041483343808927,101.0,102.24778761061947,63.78761061946903,67.74647887323943,83.38028169014083,59.477876106194685,482.4778761061947,838.5132743362832
2016-10-12 00:00:00,491.7606837606838,577.6068376068376,66.60176991150443,142.58407079646017,69.66666666666667,751.8526397515528,1975.5382548744594,2456.922645099905,353.0,396.3760683760684,1030.1538461538462,748.2393162393163,6814.0344827586205,614.0,718.3502722323049,136.51905626134302,743.4827622451126,268.5991610010126,104.0,182.3478260869565,583.6081578067535,41.077309868007546,109.0,111.6283185840708,71.2920353982301,71.91549295774647,89.63380281690141,62.80530973451327,522.8230088495575,907.5575221238937
2016-10-13 00:00:00,456.7863247863248,528.8547008547008,58.15929203539823,130.38938053097345,65.26666666666667,695.6976708074534,1822.5329211196936,2268.5689819219792,402.0,365.64102564102564,948.5470085470085,692.0683760683761,6290.7114337568055,575.0,662.0090744101633,124.60072595281306,684.212108471726,251.9418486908723,96.0,165.12608695652173,533.7626211969241,51.09616593337524,101.0,102.24778761061947,63.78761061946903,67.74647887323943,83.38028169014083,59.477876106194685,482.4778761061947,838.5132743362832
2016-10-14 00:00:00,444.0683760683761,515.0769230769231,56.283185840707965,127.57522123893806,62.33333333333333,679.0591614906832,1775.694553643745,2208.2125594671743,424.0,356.1025641025641,924.1709401709402,672.991452991453,6123.854809437386,610.0,646.8402903811252,119.18330308529946,663.4153878494851,245.69535657456967,94.0,158.03478260869562,524.416583082581,15.028284098051541,99.0,98.49557522123894,61.91150442477876,65.6619718309859,78.16901408450704,57.81415929203539,470.0,815.221238938053
2016-10-15 00:00:00,419.6923076923077,486.46153846153845,55.34513274336283,123.82300884955752,59.4,635.3830745341616,1673.6909978072345,2090.6215984776404,416.0,339.1452991452992,873.2991452991454,635.8974358974359,5781.473684210526,659.0,607.8348457350272,113.76588021778585,627.0211267605636,225.91479820627805,87.0,151.9565217391304,492.22467402206615,44.082966687617855,91.0,94.7433628318584,58.15929203539823,63.577464788732385,71.91549295774647,54.070796460176986,444.62831858407077,770.3008849557522
2016-10-16 00:00:00,392.13675213675214,458.9059829059829,52.530973451327434,115.38053097345133,57.199999999999996,601.0661490683229,1580.014262855337,1966.7868696479545,317.0,322.1880341880342,821.3675213675214,599.8632478632479,5447.760435571688,508.0,575.3303085299456,107.26497277676951,591.6667017027539,211.33964993490525,83.0,140.81304347826085,462.1096623202942,61.11502199874293,84.0,90.05309734513274,55.34513274336283,56.281690140845065,68.78873239436619,50.32743362831858,417.59292035398227,724.9646017699115
2016-10-17 00:00:00,449.3675213675214,521.4358974358975,58.15929203539823,127.57522123893806,64.53333333333333,684.2586956521739,1797.5524584658542,2238.3907706945765,266.0,363.5213675213675,935.8290598290598,681.4700854700855,6200.78221415608,515.0,651.1742286751361,122.43375680580762,675.8934202228296,246.73643859395344,95.0,162.08695652173913,530.6472751588097,38.07165304839724,100.0,101.30973451327434,61.91150442477876,66.70422535211267,83.38028169014083,58.23008849557522,475.8230088495575,826.0353982300885
2016-10-18 00:00:00,456.7863247863248,528.8547008547008,58.15929203539823,130.38938053097345,65.26666666666667,695.6976708074534,1822.5329211196936,2268.5689819219792,286.0,365.64102564102564,948.5470085470085,692.0683760683761,6290.7114337568055,557.0,662.0090744101633,124.60072595281306,684.212108471726,251.9418486908723,96.0,165.12608695652173,533.7626211969241,24.045254556882465,101.0,102.24778761061947,63.78761061946903,67.74647887323943,83.38028169014083,59.477876106194685,482.4778761061947,838.5132743362832
2016-10-19 00:00:00,491.7606837606838,577.6068376068376,66.60176991150443,142.58407079646017,69.66666666666667,751.8526397515528,1975.5382548744594,2456.922645099905,340.0,396.3760683760684,1030.1538461538462,748.2393162393163,6814.0344827586205,548.0,718.3502722323049,136.51905626134302,743.4827622451126,268.5991610010126,104.0,182.3478260869565,583.6081578067535,40.07542426147077,109.0,111.6283185840708,71.2920353982301,71.91549295774647,89.63380281690141,62.80530973451327,522.8230088495575,907.5575221238937
2016-10-20 00:00:00,456.7863247863248,528.8547008547008,58.15929203539823,130.38938053097345,65.26666666666667,695.6976708074534,1822.5329211196936,2268.5689819219792,352.0,365.64102564102564,948.5470085470085,692.0683760683761,6290.7114337568055,520.0,662.0090744101633,124.60072595281306,684.212108471726,251.9418486908723,96.0,165.12608695652173,533.7626211969241,61.11502199874293,101.0,102.24778761061947,63.78761061946903,67.74647887323943,83.38028169014083,59.477876106194685,482.4778761061947,838.5132743362832
2016-10-21 00:00:00,444.0683760683761,515.0769230769231,56.283185840707965,127.57522123893806,62.33333333333333,679.0591614906832,1775.694553643745,2208.2125594671743,421.0,356.1025641025641,924.1709401709402,672.991452991453,6123.854809437386,548.0,646.8402903811252,119.18330308529946,663.4153878494851,245.69535657456967,94.0,158.03478260869562,524.416583082581,48.09050911376493,99.0,98.49557522123894,61.91150442477876,65.6619718309859,78.16901408450704,57.81415929203539,470.0,815.221238938053
2016-10-22 00:00:00,419.6923076923077,486.46153846153845,55.34513274336283,123.82300884955752,59.4,635.3830745341616,1673.6909978072345,2090.6215984776404,417.0,339.1452991452992,873.2991452991454,635.8974358974359,5781.473684210526,568.0,607.8348457350272,113.76588021778585,627.0211267605636,225.91479820627805,87.0,151.9565217391304,492.22467402206615,46.08673790069139,91.0,94.7433628318584,58.15929203539823,63.577464788732385,71.91549295774647,54.070796460176986,444.62831858407077,770.3008849557522
2016-10-23 00:00:00,392.13675213675214,458.9059829059829,52.530973451327434,115.38053097345133,57.199999999999996,601.0661490683229,1580.014262855337,1966.7868696479545,277.0,322.1880341880342,821.3675213675214,599.8632478632479,5447.760435571688,605.0,575.3303085299456,107.26497277676951,591.6667017027539,211.33964993490525,83.0,140.81304347826085,462.1096623202942,53.09993714644878,84.0,90.05309734513274,55.34513274336283,56.281690140845065,68.78873239436619,50.32743362831858,417.59292035398227,724.9646017699115
2016-10-24 00:00:00,449.3675213675214,521.4358974358975,58.15929203539823,127.57522123893806,64.53333333333333,684.2586956521739,1797.5524584658542,2238.3907706945765,304.0,363.5213675213675,935.8290598290598,681.4700854700855,6200.78221415608,608.0,651.1742286751361,122.43375680580762,675.8934202228296,246.73643859395344,95.0,162.08695652173913,530.6472751588097,60.113136392206165,100.0,101.30973451327434,61.91150442477876,66.70422535211267,83.38028169014083,58.23008849557522,475.8230088495575,826.0353982300885
2016-10-25 00:00:00,456.7863247863248,528.8547008547008,58.15929203539823,130.38938053097345,65.26666666666667,695.6976708074534,1822.5329211196936,2268.5689819219792,280.0,365.64102564102564,948.5470085470085,692.0683760683761,6290.7114337568055,610.0,662.0090744101633,124.60072595281306,684.212108471726,251.9418486908723,96.0,165.12608695652173,533.7626211969241,37.06976744186047,101.0,102.24778761061947,63.78761061946903,67.74647887323943,83.38028169014083,59.477876106194685,482.4778761061947,838.5132743362832
2016-10-26 00:00:00,491.7606837606838,577.6068376068376,66.60176991150443,142.58407079646017,69.66666666666667,751.8526397515528,1975.5382548744594,2456.922645099905,308.0,396.3760683760684,1030.1538461538462,748.2393162393163,6814.0344827586205,549.0,718.3502722323049,136.51905626134302,743.4827622451126,268.5991610010126,104.0,182.3478260869565,583.6081578067535,32.06033940917662,109.0,111.6283185840708,71.2920353982301,71.91549295774647,89.63380281690141,62.80530973451327,522.8230088495575,907.5575221238937
2016-10-27 00:00:00,456.7863247863248,528.8547008547008,58.15929203539823,130.38938053097345,65.26666666666667,695.6976708074534,1822.5329211196936,2268.5689819219792,341.0,365.64102564102564,948.5470085470085,692.0683760683761,6290.7114337568055,489.0,662.0090744101633,124.60072595281306,684.212108471726,251.9418486908723,96.0,165.12608695652173,533.7626211969241,57.10747957259586,101.0,102.24778761061947,63.78761061946903,67.74647887323943,83.38028169014083,59.477876106194685,482.4778761061947,838.5132743362832
2016-10-28 00:00:00,444.0683760683761,515.0769230769231,56.283185840707965,127.57522123893806,62.33333333333333,679.0591614906832,1775.694553643745,2208.2125594671743,470.0,356.1025641025641,924.1709401709402,672.991452991453,6123.854809437386,550.0,646.8402903811252,119.18330308529946,663.4153878494851,245.69535657456967,94.0,158.03478260869562,524.416583082581,45.08485229415462,99.0,98.49557522123894,61.91150442477876,65.6619718309859,78.16901408450704,57.81415929203539,470.0,815.221238938053
2016-10-29 00:00:00,419.6923076923077,486.46153846153845,55.34513274336283,123.82300884955752,59.4,635.3830745341616,1673.6909978072345,2090.6215984776404,377.0,339.1452991452992,873.2991452991454,635.8974358974359,5781.473684210526,570.0,607.8348457350272,113.76588021778585,627.0211267605636,225.91479820627805,87.0,151.9565217391304,492.22467402206615,70.13199245757386,91.0,94.7433628318584,58.15929203539823,63.577464788732385,71.91549295774647,54.070796460176986,444.62831858407077,770.3008849557522
2016-10-30 00:00:00,392.13675213675214,458.9059829059829,52.530973451327434,115.38053097345133,57.199999999999996,601.0661490683229,1580.014262855337,1966.7868696479545,328.0,322.1880341880342,821.3675213675214,599.8632478632479,5447.760435571688,388.0,575.3303085299456,107.26497277676951,591.6667017027539,211.33964993490525,83.0,140.81304347826085,462.1096623202942,74.13953488372094,84.0,90.05309734513274,55.34513274336283,56.281690140845065,68.78873239436619,50.32743362831858,417.59292035398227,724.9646017699115
2016-10-31 00:00:00,449.3675213675214,521.4358974358975,58.15929203539823,127.57522123893806,64.53333333333333,684.2586956521739,1797.5524584658542,2238.3907706945765,267.0,362.46153846153845,935.8290598290598,681.4700854700855,6200.78221415608,420.0,651.1742286751361,122.43375680580762,675.8934202228296,246.73643859395344,95.0,162.08695652173913,530.6472751588097,59.1112507856694,100.0,101.30973451327434,61.91150442477876,66.70422535211267,83.38028169014083,58.23008849557522,475.8230088495575,826.0353982300885
2016-11-01 00:00:00,395.7254237288136,466.66779661016955,48.32142857142857,104.55,67.23076923076924,581.7479161404394,1533.6336259771497,1901.4647190663884,244.0,327.00000000000006,834.6813559322035,607.4440677966103,5200.0,501.0,547.1999999999999,102.4,575.4654666156006,204.07726230375732,82.56085192697769,134.16996448503298,448.9643059490085,25.0,83.0,83.46428571428571,50.07857142857143,53.677419354838705,67.09677419354838,232.0,1948.0,3386.0
2016-11-02 00:00:00,432.30508474576277,503.2474576271187,51.83571428571428,115.09285714285714,71.65384615384616,626.417845415509,1659.5289236319904,2067.894891413556,274.0,351.3864406779661,903.406779661017,657.3254237288136,5638.4,455.0,595.2,110.93333333333334,622.2090514489977,223.66043393896635,88.67647058823529,149.18899036022322,487.2400647511129,40.0,90.0,86.1,52.71428571428571,60.90322580645161,71.2258064516129,260.0,2114.0,3664.0
2016-11-03 00:00:00,395.7254237288136,466.66779661016955,48.32142857142857,104.55,67.23076923076924,581.7479161404394,1533.6336259771497,1901.4647190663884,302.0,327.00000000000006,834.6813559322035,607.4440677966103,5200.0,488.0,547.1999999999999,102.4,575.4654666156006,204.07726230375732,82.56085192697769,134.16996448503298,448.9643059490085,49.0,83.0,83.46428571428571,50.07857142857143,53.677419354838705,67.09677419354838,232.0,1948.0,3386.0
2016-11-04 00:00:00,391.29152542372884,452.2576271186441,46.56428571428572,103.67142857142858,67.23076923076924,568.243053801465,1486.813060733614,1854.6562330937475,449.0,314.806779661017,813.6203389830509,591.9254237288136,5062.4,528.0,531.1999999999999,100.26666666666667,560.9230180007659,199.95448932792382,80.52231237322515,130.16489091831556,438.61950627276406,57.0,81.0,81.70714285714286,50.07857142857143,52.64516129032258,65.03225806451613,230.0,1902.0,3294.0
2016-11-05 00:00:00,365.79661016949154,427.871186440678,42.17142857142857,94.88571428571429,61.03846153846154,533.9614801717605,1406.6978713168971,1751.6775639539378,401.0,297.071186440678,769.2813559322035,559.7796610169491,4782.933333333333,495.0,505.59999999999997,96.0,528.7218817822035,186.55547715646503,76.44523326572008,122.15474378488076,415.8609469850263,55.0,79.0,75.55714285714285,47.44285714285714,50.58064516129032,62.96774193548387,218.0,1796.0,3118.0
2016-11-06 00:00:00,348.0610169491526,402.3762711864407,37.778571428571425,88.73571428571428,54.84615384615385,502.7964132356655,1326.5826819001804,1653.8998376999768,294.0,281.55254237288136,724.942372881356,528.742372881356,4502.4,487.0,473.59999999999997,88.53333333333333,495.4819992340099,178.30993120479806,70.32961460446248,116.14713343480466,386.8955078915419,22.0,72.0,71.16428571428571,42.17142857142857,48.516129032258064,55.74193548387097,204.0,1696.0,2930.0
2016-11-07 00:00:00,392.40000000000003,460.0169491525424,47.44285714285714,104.55,67.23076923076924,575.5149027532204,1506.5817438364402,1876.5001932143132,288.0,318.1322033898305,822.4881355932204,598.5762711864407,5131.733333333334,466.0,541.8666666666667,101.33333333333333,568.1942423081832,202.0158758158406,82.56085192697769,131.16615930999492,444.8263860785107,26.0,83.0,82.58571428571429,50.07857142857143,52.64516129032258,66.06451612903226,232.0,1922.0,3342.0
2016-11-08 00:00:00,395.7254237288136,466.66779661016955,48.32142857142857,104.55,67.23076923076924,581.7479161404394,1533.6336259771497,1901.4647190663884,293.0,327.00000000000006,834.6813559322035,607.4440677966103,5200.0,537.0,547.1999999999999,102.4,575.4654666156006,204.07726230375732,82.56085192697769,134.16996448503298,448.9643059490085,26.0,83.0,83.46428571428571,50.07857142857143,53.677419354838705,67.09677419354838,232.0,1948.0,3386.0
2016-11-09 00:00:00,432.30508474576277,503.2474576271187,51.83571428571428,115.09285714285714,71.65384615384616,626.417845415509,1659.5289236319904,2067.894891413556,298.0,351.3864406779661,903.406779661017,657.3254237288136,5638.4,527.0,595.2,110.93333333333334,622.2090514489977,223.66043393896635,88.67647058823529,149.18899036022322,487.2400647511129,28.0,90.0,86.1,52.71428571428571,60.90322580645161,71.2258064516129,260.0,2114.0,3664.0
2016-11-10 00:00:00,395.7254237288136,466.66779661016955,48.32142857142857,104.55,67.23076923076924,581.7479161404394,1533.6336259771497,1901.4647190663884,409.0,327.00000000000006,834.6813559322035,607.4440677966103,5200.0,531.0,547.1999999999999,102.4,575.4654666156006,204.07726230375732,82.56085192697769,134.16996448503298,448.9643059490085,26.0,83.0,83.46428571428571,50.07857142857143,53.677419354838705,67.09677419354838,232.0,1948.0,3386.0
2016-11-11 00:00:00,391.29152542372884,452.2576271186441,46.56428571428572,103.67142857142858,67.23076923076924,568.243053801465,1486.813060733614,1854.6562330937475,399.0,314.806779661017,813.6203389830509,591.9254237288136,5062.4,592.0,531.1999999999999,100.26666666666667,560.9230180007659,199.95448932792382,80.52231237322515,130.16489091831556,438.61950627276406,26.0,81.0,81.70714285714286,50.07857142857143,52.64516129032258,65.03225806451613,230.0,1902.0,3294.0
2016-11-12 00:00:00,365.79661016949154,427.871186440678,42.17142857142857,94.88571428571429,61.03846153846154,533.9614801717605,1406.6978713168971,1751.6775639539378,300.0,297.071186440678,769.2813559322035,559.7796610169491,4782.933333333333,581.0,505.59999999999997,96.0,528.7218817822035,186.55547715646503,76.44523326572008,122.15474378488076,415.8609469850263,24.0,79.0,75.55714285714285,47.44285714285714,50.58064516129032,62.96774193548387,218.0,1796.0,3118.0
2016-11-13 00:00:00,348.0610169491526,402.3762711864407,37.778571428571425,88.73571428571428,54.84615384615385,502.7964132356655,1326.5826819001804,1653.8998376999768,308.0,281.55254237288136,724.942372881356,528.742372881356,4502.4,490.0,473.59999999999997,88.53333333333333,495.4819992340099,178.30993120479806,70.32961460446248,116.14713343480466,386.8955078915419,22.0,72.0,71.16428571428571,42.17142857142857,48.516129032258064,55.74193548387097,204.0,1696.0,2930.0
2016-11-14 00:00:00,392.40000000000003,460.0169491525424,47.44285714285714,104.55,67.23076923076924,575.5149027532204,1506.5817438364402,1876.5001932143132,344.0,318.1322033898305,822.4881355932204,598.5762711864407,5131.733333333334,445.0,541.8666666666667,101.33333333333333,568.1942423081832,202.0158758158406,82.56085192697769,131.16615930999492,444.8263860785107,26.0,83.0,82.58571428571429,50.07857142857143,52.64516129032258,66.06451612903226,232.0,1922.0,3342.0
2016-11-15 00:00:00,395.7254237288136,466.66779661016955,48.32142857142857,104.55,67.23076923076924,581.7479161404394,1533.6336259771497,1901.4647190663884,382.0,327.00000000000006,834.6813559322035,607.4440677966103,5200.0,527.0,547.1999999999999,102.4,575.4654666156006,204.07726230375732,82.56085192697769,134.16996448503298,448.9643059490085,26.0,83.0,83.46428571428571,50.07857142857143,53.677419354838705,67.09677419354838,232.0,1948.0,3386.0
2016-11-16 00:00:00,432.30508474576277,503.2474576271187,51.83571428571428,115.09285714285714,71.65384615384616,626.417845415509,1659.5289236319904,2067.894891413556,402.0,351.3864406779661,903.406779661017,657.3254237288136,5638.4,492.0,595.2,110.93333333333334,622.2090514489977,223.66043393896635,88.67647058823529,149.18899036022322,487.2400647511129,28.0,90.0,86.1,52.71428571428571,60.90322580645161,71.2258064516129,260.0,2114.0,3664.0
2016-11-17 00:00:00,395.7254237288136,466.66779661016955,48.32142857142857,104.55,67.23076923076924,581.7479161404394,1533.6336259771497,1901.4647190663884,410.0,327.00000000000006,834.6813559322035,607.4440677966103,5200.0,499.0,547.1999999999999,102.4,575.4654666156006,204.07726230375732,82.56085192697769,134.16996448503298,448.9643059490085,26.0,83.0,83.46428571428571,50.07857142857143,53.677419354838705,67.09677419354838,232.0,1948.0,3386.0
2016-11-18 00:00:00,391.29152542372884,452.2576271186441,46.56428571428572,103.67142857142858,67.23076923076924,568.243053801465,1486.813060733614,1854.6562330937475,374.0,314.806779661017,813.6203389830509,591.9254237288136,5062.4,594.0,531.1999999999999,100.26666666666667,560.9230180007659,199.95448932792382,80.52231237322515,130.16489091831556,438.61950627276406,26.0,81.0,81.70714285714286,50.07857142857143,52.64516129032258,65.03225806451613,230.0,1902.0,3294.0
2016-11-19 00:00:00,365.79661016949154,427.871186440678,42.17142857142857,94.88571428571429,61.03846153846154,533.9614801717605,1406.6978713168971,1751.6775639539378,326.0,297.071186440678,769.2813559322035,559.7796610169491,4782.933333333333,615.0,505.59999999999997,96.0,528.7218817822035,186.55547715646503,76.44523326572008,122.15474378488076,415.8609469850263,24.0,79.0,75.55714285714285,47.44285714285714,50.58064516129032,62.96774193548387,218.0,1796.0,3118.0
2016-11-20 00:00:00,348.0610169491526,402.3762711864407,37.778571428571425,88.73571428571428,54.84615384615385,502.7964132356655,1326.5826819001804,1653.8998376999768,268.0,281.55254237288136,724.942372881356,528.742372881356,4502.4,513.0,473.59999999999997,88.53333333333333,495.4819992340099,178.30993120479806,70.32961460446248,116.14713343480466,386.8955078915419,22.0,72.0,71.16428571428571,42.17142857142857,48.516129032258064,55.74193548387097,204.0,1696.0,2930.0
2016-11-21 00:00:00,392.40000000000003,460.0169491525424,47.44285714285714,104.55,67.23076923076924,575.5149027532204,1506.5817438364402,1876.5001932143132,307.0,318.1322033898305,822.4881355932204,598.5762711864407,5131.733333333334,504.0,541.8666666666667,101.33333333333333,568.1942423081832,202.0158758158406,82.56085192697769,131.16615930999492,444.8263860785107,26.0,83.0,82.58571428571429,50.07857142857143,52.64516129032258,66.06451612903226,232.0,1922.0,3342.0
2016-11-22 00:00:00,395.7254237288136,466.66779661016955,48.32142857142857,104.55,67.23076923076924,581.7479161404394,1533.6336259771497,1901.4647190663884,296.0,327.00000000000006,834.6813559322035,607.4440677966103,5200.0,560.0,547.1999999999999,102.4,575.4654666156006,204.07726230375732,82.56085192697769,134.16996448503298,448.9643059490085,26.0,83.0,83.46428571428571,50.07857142857143,53.677419354838705,67.09677419354838,232.0,1948.0,3386.0
2016-11-23 00:00:00,432.30508474576277,503.2474576271187,51.83571428571428,115.09285714285714,71.65384615384616,626.417845415509,1659.5289236319904,2067.894891413556,352.0,351.3864406779661,903.406779661017,657.3254237288136,5638.4,560.0,595.2,110.93333333333334,622.2090514489977,223.66043393896635,88.67647058823529,149.18899036022322,487.2400647511129,28.0,90.0,86.1,52.71428571428571,60.90322580645161,71.2258064516129,260.0,2114.0,3664.0
2016-11-24 00:00:00,395.7254237288136,466.66779661016955,48.32142857142857,104.55,67.23076923076924,581.7479161404394,1533.6336259771497,1901.4647190663884,336.0,327.00000000000006,834.6813559322035,607.4440677966103,5200.0,573.0,547.1999999999999,102.4,575.4654666156006,204.07726230375732,82.56085192697769,134.16996448503298,448.9643059490085,26.0,83.0,83.46428571428571,50.07857142857143,53.677419354838705,67.09677419354838,232.0,1948.0,3386.0
2016-11-25 00:00:00,391.29152542372884,452.2576271186441,46.56428571428572,103.67142857142858,67.23076923076924,568.243053801465,1486.813060733614,1854.6562330937475,327.0,314.806779661017,813.6203389830509,591.9254237288136,5062.4,597.0,531.1999999999999,100.26666666666667,560.9230180007659,199.95448932792382,80.52231237322515,130.16489091831556,438.61950627276406,26.0,81.0,81.70714285714286,50.07857142857143,52.64516129032258,65.03225806451613,230.0,1902.0,3294.0
2016-11-26 00:00:00,365.79661016949154,427.871186440678,42.17142857142857,94.88571428571429,61.03846153846154,533.9614801717605,1406.6978713168971,1751.6775639539378,283.0,297.071186440678,769.2813559322035,559.7796610169491,4782.933333333333,572.0,505.59999999999997,96.0,528.7218817822035,186.55547715646503,76.44523326572008,122.15474378488076,415.8609469850263,24.0,79.0,75.55714285714285,47.44285714285714,50.58064516129032,62.96774193548387,218.0,1796.0,3118.0
2016-11-27 00:00:00,348.0610169491526,402.3762711864407,37.778571428571425,88.73571428571428,54.84615384615385,502.7964132356655,1326.5826819001804,1653.8998376999768,256.0,281.55254237288136,724.942372881356,528.742372881356,4502.4,559.0,473.59999999999997,88.53333333333333,495.4819992340099,178.30993120479806,70.32961460446248,116.14713343480466,386.8955078915419,22.0,72.0,71.16428571428571,42.17142857142857,48.516129032258064,55.74193548387097,204.0,1696.0,2930.0
2016-11-28 00:00:00,392.40000000000003,460.0169491525424,47.44285714285714,104.55,67.23076923076924,575.5149027532204,1506.5817438364402,1876.5001932143132,278.0,318.1322033898305,822.4881355932204,598.5762711864407,5131.733333333334,542.0,541.8666666666667,101.33333333333333,568.1942423081832,202.0158758158406,82.56085192697769,131.16615930999492,444.8263860785107,26.0,83.0,82.58571428571429,50.07857142857143,52.64516129032258,66.06451612903226,232.0,1922.0,3342.0
2016-11-29 00:00:00,395.7254237288136,466.66779661016955,48.32142857142857,104.55,67.23076923076924,581.7479161404394,1533.6336259771497,1901.4647190663884,353.0,327.00000000000006,834.6813559322035,607.4440677966103,5200.0,540.0,547.1999999999999,102.4,575.4654666156006,204.07726230375732,82.56085192697769,134.16996448503298,448.9643059490085,26.0,83.0,83.46428571428571,50.07857142857143,53.677419354838705,67.09677419354838,232.0,1948.0,3386.0
2016-11-30 00:00:00,432.30508474576277,503.2474576271187,51.83571428571428,115.09285714285714,71.65384615384616,626.417845415509,1659.5289236319904,2067.894891413556,304.0,351.3864406779661,903.406779661017,657.3254237288136,5638.4,474.0,595.2,110.93333333333334,622.2090514489977,223.66043393896635,88.67647058823529,149.18899036022322,487.2400647511129,28.0,90.0,86.1,52.71428571428571,60.90322580645161,71.2258064516129,260.0,2114.0,3664.0
2016-12-01 00:00:00,437.80645161290323,513.2903225806452,50.07857142857143,109.82142857142857,69.0,612.2536155819921,1611.4137931034481,2003.8973927971101,252.0,355.35483870967744,913.9354838709678,667.741935483871,5312.3823529411775,545.0,558.8161764705883,106.78676470588236,603.9500325232099,214.91516541107111,83.0,142.2659798642004,470.8343958598965,26.0,87.0,85.22142857142858,52.71428571428571,52.530973451327434,63.78761061946903,135.55555555555557,1137.7777777777778,1970.0000000000002
2016-12-02 00:00:00,426.1935483870968,500.5161290322581,49.199999999999996,107.18571428571428,68.11538461538461,597.7008980639141,1566.6522988505747,1954.9710668431028,370.0,349.5483870967742,897.6774193548388,651.483870967742,5176.566176470589,597.0,547.4117647058824,101.6029411764706,589.3970196913252,209.74893547330498,83.0,139.26036057129477,460.486387159679,26.0,84.0,83.46428571428571,51.83571428571428,50.65486725663717,60.97345132743363,133.33333333333334,1107.7777777777778,1924.4444444444446
2016-12-03 00:00:00,406.45161290322585,470.32258064516134,46.56428571428572,101.91428571428571,65.46153846153847,566.5165033823187,1480.2522052927022,1847.749544007725,328.0,327.48387096774195,840.7741935483872,616.6451612903227,4892.492647058824,575.0,516.3088235294118,96.41911764705883,556.1329903613034,200.44972158532593,79.0,130.24350269257783,435.651166279157,26.0,81.0,81.70714285714286,49.199999999999996,47.84070796460177,59.097345132743364,127.77777777777779,1053.3333333333335,1818.8888888888891
2016-12-04 00:00:00,380.90322580645164,447.0967741935484,40.41428571428571,92.25,60.15384615384615,530.1347095871239,1394.8930767174552,1737.4050641965594,267.0,312.3870967741936,795.483870967742,578.3225806451613,4608.4191176470595,498.0,484.16911764705884,92.27205882352942,522.8689610312815,185.98427775958075,73.0,121.22664481386091,412.8855471386785,23.0,79.0,74.67857142857143,46.56428571428572,45.02654867256637,55.34513274336283,121.11111111111111,986.6666666666667,1714.4444444444446
2016-12-05 00:00:00,432.00000000000006,505.16129032258067,49.199999999999996,108.06428571428572,69.0,604.9772568229531,1587.471598503074,1976.8317656736167,305.0,353.03225806451616,909.2903225806452,661.9354838709678,5241.8823529411775,501.0,551.5588235294118,105.75000000000001,596.6735261072675,209.74893547330498,83.0,139.26036057129477,466.6951923798095,26.0,86.0,85.22142857142858,51.83571428571428,51.5929203539823,63.78761061946903,135.55555555555557,1120.0,1947.7777777777778
2016-12-06 00:00:00,437.80645161290323,513.2903225806452,50.07857142857143,109.82142857142857,69.0,613.293095404712,1612.454758086073,2004.938378455706,288.0,355.35483870967744,916.2580645161291,668.9032258064517,5317.566176470589,512.0,558.8161764705883,106.78676470588236,604.989533439773,214.91516541107111,83.0,142.2659798642004,470.8343958598965,26.0,87.0,85.22142857142858,52.71428571428571,52.530973451327434,63.78761061946903,135.55555555555557,1138.888888888889,1972.2222222222224
2016-12-07 00:00:00,476.1290322580645,553.9354838709678,52.71428571428571,119.4857142857143,72.53846153846153,662.1486470725449,1742.5753809141938,2171.4960838310503,317.0,385.5483870967742,996.3870967741937,724.6451612903227,5761.301470588236,623.0,606.5073529411766,111.97058823529413,655.925078351369,237.6465771372421,91.0,154.28845703582297,510.15682892072306,30.0,96.0,91.37142857142857,56.22857142857143,59.097345132743364,70.35398230088495,151.11111111111111,1234.4444444444446,2142.222222222222
2016-12-08 00:00:00,437.80645161290323,513.2903225806452,50.07857142857143,109.82142857142857,69.0,613.293095404712,1612.454758086073,2004.938378455706,345.0,355.35483870967744,916.2580645161291,668.9032258064517,5317.566176470589,519.0,558.8161764705883,106.78676470588236,604.989533439773,214.91516541107111,83.0,142.2659798642004,470.8343958598965,26.0,87.0,85.22142857142858,52.71428571428571,52.530973451327434,63.78761061946903,135.55555555555557,1138.888888888889,1972.2222222222224
2016-12-09 00:00:00,426.1935483870968,500.5161290322581,49.199999999999996,107.18571428571428,68.11538461538461,597.7008980639141,1566.6522988505747,1954.9710668431028,338.0,349.5483870967742,897.6774193548388,651.483870967742,5176.566176470589,594.0,547.4117647058824,101.6029411764706,589.3970196913252,209.74893547330498,83.0,139.26036057129477,460.486387159679,26.0,84.0,83.46428571428571,51.83571428571428,50.65486725663717,60.97345132743363,133.33333333333334,1107.7777777777778,1924.4444444444446
2016-12-10 00:00:00,406.45161290322585,470.32258064516134,46.56428571428572,101.91428571428571,65.46153846153847,566.5165033823187,1480.2522052927022,1847.749544007725,325.0,327.48387096774195,840.7741935483872,616.6451612903227,4892.492647058824,544.0,516.3088235294118,96.41911764705883,556.1329903613034,200.44972158532593,79.0,130.24350269257783,435.651166279157,26.0,81.0,81.70714285714286,49.199999999999996,47.84070796460177,59.097345132743364,127.77777777777779,1053.3333333333335,1818.8888888888891
2016-12-11 00:00:00,380.90322580645164,447.0967741935484,40.41428571428571,92.25,60.15384615384615,530.1347095871239,1394.8930767174552,1737.4050641965594,278.0,312.3870967741936,795.483870967742,578.3225806451613,4608.4191176470595,527.0,484.16911764705884,92.27205882352942,522.8689610312815,185.98427775958075,73.0,121.22664481386091,412.8855471386785,23.0,79.0,74.67857142857143,46.56428571428572,45.02654867256637,55.34513274336283,121.11111111111111,986.6666666666667,1714.4444444444446
2016-12-12 00:00:00,432.00000000000006,505.16129032258067,49.199999999999996,108.06428571428572,69.0,604.9772568229531,1587.471598503074,1976.8317656736167,286.0,353.03225806451616,909.2903225806452,661.9354838709678,5241.8823529411775,534.0,551.5588235294118,105.75000000000001,596.6735261072675,209.74893547330498,83.0,139.26036057129477,466.6951923798095,26.0,86.0,85.22142857142858,51.83571428571428,51.5929203539823,63.78761061946903,135.55555555555557,1120.0,1947.7777777777778
2016-12-13 00:00:00,437.80645161290323,513.2903225806452,50.07857142857143,109.82142857142857,69.0,613.293095404712,1612.454758086073,2004.938378455706,345.0,355.35483870967744,916.2580645161291,668.9032258064517,5317.566176470589,522.0,558.8161764705883,106.78676470588236,604.989533439773,214.91516541107111,83.0,142.2659798642004,470.8343958598965,26.0,87.0,85.22142857142858,52.71428571428571,52.530973451327434,63.78761061946903,135.55555555555557,1138.888888888889,1972.2222222222224
2016-12-14 00:00:00,476.1290322580645,553.9354838709678,52.71428571428571,119.4857142857143,72.53846153846153,662.1486470725449,1742.5753809141938,2171.4960838310503,399.0,385.5483870967742,996.3870967741937,724.6451612903227,5761.301470588236,507.0,606.5073529411766,111.97058823529413,655.925078351369,237.6465771372421,91.0,154.28845703582297,510.15682892072306,30.0,96.0,91.37142857142857,56.22857142857143,59.097345132743364,70.35398230088495,151.11111111111111,1234.4444444444446,2142.222222222222
2016-12-15 00:00:00,437.80645161290323,513.2903225806452,50.07857142857143,109.82142857142857,69.0,613.293095404712,1612.454758086073,2004.938378455706,352.0,355.35483870967744,916.2580645161291,668.9032258064517,5317.566176470589,510.0,558.8161764705883,106.78676470588236,604.989533439773,214.91516541107111,83.0,142.2659798642004,470.8343958598965,26.0,87.0,85.22142857142858,52.71428571428571,52.530973451327434,63.78761061946903,135.55555555555557,1138.888888888889,1972.2222222222224
2016-12-16 00:00:00,426.1935483870968,500.5161290322581,49.199999999999996,107.18571428571428,68.11538461538461,597.7008980639141,1566.6522988505747,1954.9710668431028,355.0,349.5483870967742,897.6774193548388,651.483870967742,5176.566176470589,494.0,547.4117647058824,101.6029411764706,589.3970196913252,209.74893547330498,83.0,139.26036057129477,460.486387159679,26.0,84.0,83.46428571428571,51.83571428571428,50.65486725663717,60.97345132743363,133.33333333333334,1107.7777777777778,1924.4444444444446
2016-12-17 00:00:00,406.45161290322585,470.32258064516134,46.56428571428572,101.91428571428571,65.46153846153847,566.5165033823187,1480.2522052927022,1847.749544007725,404.0,327.48387096774195,840.7741935483872,616.6451612903227,4892.492647058824,532.0,516.3088235294118,96.41911764705883,556.1329903613034,200.44972158532593,79.0,130.24350269257783,435.651166279157,26.0,81.0,81.70714285714286,49.199999999999996,47.84070796460177,59.097345132743364,127.77777777777779,1053.3333333333335,1818.8888888888891
2016-12-18 00:00:00,380.90322580645164,447.0967741935484,40.41428571428571,92.25,60.15384615384615,530.1347095871239,1394.8930767174552,1737.4050641965594,290.0,312.3870967741936,795.483870967742,578.3225806451613,4608.4191176470595,550.0,484.16911764705884,92.27205882352942,522.8689610312815,185.98427775958075,73.0,121.22664481386091,412.8855471386785,23.0,79.0,74.67857142857143,46.56428571428572,45.02654867256637,55.34513274336283,121.11111111111111,986.6666666666667,1714.4444444444446
2016-12-19 00:00:00,432.00000000000006,505.16129032258067,49.199999999999996,108.06428571428572,69.0,604.9772568229531,1587.471598503074,1976.8317656736167,362.0,353.03225806451616,909.2903225806452,661.9354838709678,5241.8823529411775,541.0,551.5588235294118,105.75000000000001,596.6735261072675,209.74893547330498,83.0,139.26036057129477,466.6951923798095,26.0,86.0,85.22142857142858,51.83571428571428,51.5929203539823,63.78761061946903,135.55555555555557,1120.0,1947.7777777777778
2016-12-20 00:00:00,437.80645161290323,513.2903225806452,50.07857142857143,109.82142857142857,69.0,613.293095404712,1612.454758086073,2004.938378455706,320.0,355.35483870967744,916.2580645161291,668.9032258064517,5317.566176470589,520.0,558.8161764705883,106.78676470588236,604.989533439773,214.91516541107111,83.0,142.2659798642004,470.8343958598965,26.0,87.0,85.22142857142858,52.71428571428571,52.530973451327434,63.78761061946903,135.55555555555557,1138.888888888889,1972.2222222222224
2016-12-21 00:00:00,476.1290322580645,553.9354838709678,52.71428571428571,119.4857142857143,72.53846153846153,662.1486470725449,1742.5753809141938,2171.4960838310503,397.0,385.5483870967742,996.3870967741937,724.6451612903227,5761.301470588236,530.0,606.5073529411766,111.97058823529413,655.925078351369,237.6465771372421,91.0,154.28845703582297,510.15682892072306,30.0,96.0,91.37142857142857,56.22857142857143,59.097345132743364,70.35398230088495,151.11111111111111,1234.4444444444446,2142.222222222222
2016-12-22 00:00:00,437.80645161290323,513.2903225806452,50.07857142857143,109.82142857142857,69.0,613.293095404712,1612.454758086073,2004.938378455706,432.0,355.35483870967744,916.2580645161291,668.9032258064517,5317.566176470589,629.0,558.8161764705883,106.78676470588236,604.989533439773,214.91516541107111,83.0,142.2659798642004,470.8343958598965,26.0,87.0,85.22142857142858,52.71428571428571,52.530973451327434,63.78761061946903,135.55555555555557,1138.888888888889,1972.2222222222224
2016-12-23 00:00:00,426.1935483870968,500.5161290322581,49.199999999999996,107.18571428571428,68.11538461538461,597.7008980639141,1566.6522988505747,1954.9710668431028,394.0,349.5483870967742,897.6774193548388,651.483870967742,5176.566176470589,599.0,547.4117647058824,101.6029411764706,589.3970196913252,209.74893547330498,83.0,139.26036057129477,460.486387159679,26.0,84.0,83.46428571428571,51.83571428571428,50.65486725663717,60.97345132743363,133.33333333333334,1107.7777777777778,1924.4444444444446
2016-12-24 00:00:00,406.45161290322585,470.32258064516134,46.56428571428572,101.91428571428571,65.46153846153847,566.5165033823187,1480.2522052927022,1847.749544007725,224.0,327.48387096774195,840.7741935483872,616.6451612903227,4892.492647058824,552.0,516.3088235294118,96.41911764705883,556.1329903613034,200.44972158532593,79.0,130.24350269257783,435.651166279157,26.0,81.0,81.70714285714286,49.199999999999996,47.84070796460177,59.097345132743364,127.77777777777779,1053.3333333333335,1818.8888888888891
2016-12-25 00:00:00,380.90322580645164,447.0967741935484,40.41428571428571,92.25,60.15384615384615,530.1347095871239,1394.8930767174552,1737.4050641965594,128.0,312.3870967741936,795.483870967742,578.3225806451613,4608.4191176470595,436.0,484.16911764705884,92.27205882352942,522.8689610312815,185.98427775958075,73.0,121.22664481386091,412.8855471386785,23.0,79.0,74.67857142857143,46.56428571428572,45.02654867256637,55.34513274336283,121.11111111111111,986.6666666666667,1714.4444444444446
2016-12-26 00:00:00,432.00000000000006,505.16129032258067,49.199999999999996,108.06428571428572,69.0,604.9772568229531,1587.471598503074,1976.8317656736167,233.0,353.03225806451616,909.2903225806452,661.9354838709678,5241.8823529411775,694.0,551.5588235294118,105.75000000000001,596.6735261072675,209.74893547330498,83.0,139.26036057129477,466.6951923798095,26.0,86.0,85.22142857142858,51.83571428571428,51.5929203539823,63.78761061946903,135.55555555555557,1120.0,1947.7777777777778
2016-12-27 00:00:00,437.80645161290323,513.2903225806452,50.07857142857143,109.82142857142857,69.0,613.293095404712,1612.454758086073,2004.938378455706,270.0,355.35483870967744,916.2580645161291,668.9032258064517,5317.566176470589,692.0,558.8161764705883,106.78676470588236,604.989533439773,214.91516541107111,83.0,142.2659798642004,470.8343958598965,26.0,87.0,85.22142857142858,52.71428571428571,52.530973451327434,63.78761061946903,135.55555555555557,1138.888888888889,1972.2222222222224
2016-12-28 00:00:00,476.1290322580645,553.9354838709678,52.71428571428571,119.4857142857143,72.53846153846153,662.1486470725449,1742.5753809141938,2171.4960838310503,377.0,385.5483870967742,996.3870967741937,724.6451612903227,5761.301470588236,660.0,606.5073529411766,111.97058823529413,655.925078351369,237.6465771372421,91.0,154.28845703582297,510.15682892072306,30.0,96.0,91.37142857142857,56.22857142857143,59.097345132743364,70.35398230088495,151.11111111111111,1234.4444444444446,2142.222222222222
2016-12-29 00:00:00,437.80645161290323,513.2903225806452,50.07857142857143,109.82142857142857,69.0,613.293095404712,1612.454758086073,2004.938378455706,372.0,355.35483870967744,916.2580645161291,668.9032258064517,5317.566176470589,689.0,558.8161764705883,106.78676470588236,604.989533439773,214.91516541107111,83.0,142.2659798642004,470.8343958598965,26.0,87.0,85.22142857142858,52.71428571428571,52.530973451327434,63.78761061946903,135.55555555555557,1138.888888888889,1972.2222222222224
2016-12-30 00:00:00,6.967741935483872,8.129032258064516,0.8785714285714286,1.7571428571428571,0.8846153846153846,9.355318404478655,27.06508954824913,33.311541075068845,22.0,3.483870967741936,16.258064516129032,10.451612903225808,88.12500000000001,20.0,9.330882352941178,2.073529411764706,9.355508249068656,3.0997379626596797,1.0,2.0037461952704283,7.243606090152254,0.0,1.0,0.8785714285714286,0.8785714285714286,0.9380530973451328,0.9380530973451328,2.2222222222222223,18.88888888888889,33.333333333333336
2016-12-31 00:00:00,6.967741935483872,8.129032258064516,0.8785714285714286,1.7571428571428571,0.8846153846153846,9.355318404478655,24.9831595829992,31.229569757877044,27.0,3.483870967741936,13.935483870967744,10.451612903225808,82.94117647058825,20.0,8.294117647058824,2.073529411764706,9.355508249068656,3.0997379626596797,1.0,2.0037461952704283,7.243606090152254,0.0,1.0,0.8785714285714286,0.8785714285714286,0.9380530973451328,0.9380530973451328,2.2222222222222223,17.77777777777778,31.111111111111114
