Date,1-58,1-85,1-322,1-468,1-477,2-10,2-32,2-42,3-026,3-175,3-240,3-324,3-338,4-1,4-10,4-43,5-1,5-19,5-65,5-232,5-257,6-30,6-74,7-35,7-253,8-34,8-106,8-243,8-260,8-268,10-60
2018-01-01 00:00:00,3.960099750623441,4.950124688279302,1.3333333333333333,1.3333333333333333,0.8846153846153846,6.930174563591022,17.820448877805486,21.780548628428928,0.0,1.9785624480576212,7.914249792230485,41.54981140921005,61.23575158564737,22.0,32.59446615270884,0.9235123914957856,5.940149625935161,1.9800498753117208,1.9800498753117208,1.9800498753117208,4.950124688279302,0.0,0.9900249376558604,1.3333333333333333,1.3333333333333333,1.055045871559633,1.055045871559633,1.055045871559633,10.55045871559633,15.825688073394494,0.0
2018-01-02 00:00:00,231.6658354114713,266.3167082294264,38.666666666666664,90.66666666666666,42.46153846153846,388.0897755610972,1029.6259351620947,1280.1022443890274,265.0,186.97415134144524,474.85498753382916,631.1614209303813,3605.9956296644928,384.0,621.1056605766184,59.75652127996621,383.1396508728179,128.70324189526184,128.70324189526184,88.11221945137157,304.927680798005,65.34164588528678,53.461346633416454,68.0,42.666666666666664,36.92660550458715,45.366972477064216,100.22935779816513,801.834862385321,1383.1651376146788,21.0
2018-01-03 00:00:00,262.35660847880297,302.94763092269324,45.33333333333333,105.33333333333333,50.42307692307692,443.5311720698254,1172.1895261845386,1460.286783042394,294.0,211.7061819421655,543.1153919918171,502.5548618066358,4115.635110603106,401.0,586.7003907487591,68.81053965571866,438.5810473815461,148.50374064837905,148.50374064837905,100.98254364089775,344.5286783042394,75.24189526184539,62.3715710723192,82.66666666666666,46.666666666666664,42.20183486238532,50.64220183486238,109.72477064220182,909.4495412844036,1583.623853211009,33.0
2018-01-04 00:00:00,265.32668329177056,306.9077306733167,45.33333333333333,105.33333333333333,52.19230769230769,451.4513715710723,1190.0099750623442,1478.1072319201994,303.0,215.66330683828073,552.0189230080764,636.1078270505253,4167.981801474708,407.0,646.4569120287252,68.81053965571866,443.5311720698254,149.4937655860349,149.4937655860349,101.9725685785536,349.4788029925187,80.19201995012469,64.35162094763092,84.0,48.0,42.20183486238532,51.69724770642201,110.77981651376146,925.2752293577981,1611.0550458715595,32.0
2018-01-05 00:00:00,288.09725685785537,336.6084788029925,49.33333333333333,110.66666666666666,53.96153846153846,489.072319201995,1288.0224438902742,1610.7705735660847,296.0,234.45965009482813,599.5044217614593,391.75536471540903,4516.630516147829,362.0,465.3765445136762,74.24295068117013,480.1620947630922,163.35411471321694,163.35411471321694,112.86284289276807,378.18952618453864,56.431421446384036,68.31172069825436,86.66666666666666,49.33333333333333,48.532110091743114,54.86238532110091,122.38532110091742,1003.3486238532109,1740.8256880733943,33.0
2018-01-06 00:00:00,265.32668329177056,306.9077306733167,45.33333333333333,105.33333333333333,52.19230769230769,451.4513715710723,1190.0099750623442,1478.1072319201994,261.0,215.66330683828073,552.0189230080764,267.1059304877789,4167.981801474708,368.0,442.74149857429506,68.81053965571866,443.5311720698254,149.4937655860349,149.4937655860349,101.9725685785536,349.4788029925187,101.97256857855362,64.35162094763092,84.0,48.0,42.20183486238532,51.69724770642201,112.88990825688072,928.440366972477,1613.1651376146788,29.0
2018-01-07 00:00:00,257.4064837905237,299.9775561097257,45.33333333333333,105.33333333333333,50.42307692307692,438.5810473815461,1160.3092269326683,1439.496259351621,257.0,205.77049459799264,536.1904234236154,416.4873953161293,4064.2760931441762,319.0,481.6737775900306,68.81053965571866,432.6408977556109,145.53366583541148,145.53366583541148,100.98254364089775,340.56857855361596,71.28179551122194,62.3715710723192,81.33333333333333,46.666666666666664,41.146788990825684,50.64220183486238,108.66972477064219,899.9541284403668,1568.8532110091742,6.0
2018-01-08 00:00:00,242.5561097256858,286.1172069825436,42.666666666666664,94.66666666666666,48.65384615384615,417.79052369077306,1092.9875311720698,1362.2743142144639,278.0,194.88840113367573,507.50126792677986,494.64061201440535,3840.074228467693,287.0,558.6329337839264,64.28353046784244,406.9002493765586,136.62344139650872,136.62344139650872,95.04239401496258,321.7581047381546,20.790523690773068,60.39152119700748,73.33333333333333,45.33333333333333,39.036697247706414,48.532110091743114,102.3394495412844,854.5871559633027,1481.2844036697247,22.0
2018-01-09 00:00:00,231.6658354114713,266.3167082294264,38.666666666666664,90.66666666666666,42.46153846153846,388.0897755610972,1032.5960099750623,1284.0623441396508,370.0,186.97415134144524,475.84426875785795,467.9300189656275,3616.860037203882,246.0,542.3357007075721,59.75652127996621,383.1396508728179,128.70324189526184,128.70324189526184,88.11221945137157,304.927680798005,41.581047381546135,53.461346633416454,68.0,42.666666666666664,36.92660550458715,45.366972477064216,100.22935779816513,808.1651376146788,1393.715596330275,31.0
2018-01-10 00:00:00,262.35660847880297,302.94763092269324,45.33333333333333,105.33333333333333,50.42307692307692,443.5311720698254,1172.1895261845386,1460.286783042394,245.0,211.7061819421655,543.1153919918171,308.65574189698896,4115.635110603106,268.0,513.3628419051643,68.81053965571866,438.5810473815461,148.50374064837905,148.50374064837905,100.98254364089775,344.5286783042394,65.34164588528678,62.3715710723192,82.66666666666666,46.666666666666664,42.20183486238532,50.64220183486238,109.72477064220182,909.4495412844036,1583.623853211009,23.0
2018-01-11 00:00:00,265.32668329177056,306.9077306733167,45.33333333333333,105.33333333333333,52.19230769230769,451.4513715710723,1190.0099750623442,1478.1072319201994,299.0,215.66330683828073,552.0189230080764,455.0693630532529,4167.981801474708,281.0,494.349403316084,68.81053965571866,443.5311720698254,149.4937655860349,149.4937655860349,101.9725685785536,349.4788029925187,33.66084788029925,64.35162094763092,84.0,48.0,42.20183486238532,51.69724770642201,110.77981651376146,925.2752293577981,1611.0550458715595,25.0
2018-01-12 00:00:00,288.09725685785537,336.6084788029925,49.33333333333333,110.66666666666666,53.96153846153846,489.072319201995,1288.0224438902742,1610.7705735660847,270.0,234.45965009482813,599.5044217614593,379.8839900270633,4516.630516147829,299.0,415.5794434470377,74.24295068117013,480.1620947630922,163.35411471321694,163.35411471321694,112.86284289276807,378.18952618453864,24.750623441396506,68.31172069825436,86.66666666666666,49.33333333333333,48.532110091743114,54.86238532110091,122.38532110091742,1003.3486238532109,1740.8256880733943,27.0
2018-01-13 00:00:00,265.32668329177056,306.9077306733167,45.33333333333333,105.33333333333333,52.19230769230769,451.4513715710723,1190.0099750623442,1478.1072319201994,315.0,215.66330683828073,552.0189230080764,295.7950859846144,4167.981801474708,355.0,539.6194951948463,68.81053965571866,443.5311720698254,149.4937655860349,149.4937655860349,101.9725685785536,349.4788029925187,42.571072319201996,64.35162094763092,84.0,48.0,42.20183486238532,51.69724770642201,112.88990825688072,928.440366972477,1613.1651376146788,25.0
2018-01-14 00:00:00,257.4064837905237,299.9775561097257,45.33333333333333,105.33333333333333,50.42307692307692,438.5810473815461,1160.3092269326683,1439.496259351621,287.0,205.77049459799264,536.1904234236154,508.4905491508087,4064.2760931441762,313.0,583.9841852360333,68.81053965571866,432.6408977556109,145.53366583541148,145.53366583541148,100.98254364089775,340.56857855361596,45.54114713216958,62.3715710723192,81.33333333333333,46.666666666666664,41.146788990825684,50.64220183486238,108.66972477064219,899.9541284403668,1568.8532110091742,25.0
2018-01-15 00:00:00,242.5561097256858,286.1172069825436,42.666666666666664,94.66666666666666,48.65384615384615,417.79052369077306,1092.9875311720698,1362.2743142144639,331.0,194.88840113367573,507.50126792677986,642.0435143946981,3840.074228467693,314.0,482.5791794276058,64.28353046784244,406.9002493765586,136.62344139650872,136.62344139650872,95.04239401496258,321.7581047381546,17.820448877805486,60.39152119700748,73.33333333333333,45.33333333333333,39.036697247706414,48.532110091743114,102.3394495412844,854.5871559633027,1481.2844036697247,26.0
2018-01-16 00:00:00,231.6658354114713,266.3167082294264,38.666666666666664,90.66666666666666,42.46153846153846,388.0897755610972,1032.5960099750623,1284.0623441396508,357.0,186.97415134144524,475.84426875785795,517.394080167068,3616.860037203882,340.0,442.74149857429506,59.75652127996621,383.1396508728179,128.70324189526184,128.70324189526184,88.11221945137157,304.927680798005,43.561097256857856,53.461346633416454,68.0,42.666666666666664,36.92660550458715,45.366972477064216,100.22935779816513,808.1651376146788,1393.715596330275,20.0
2018-01-17 00:00:00,262.35660847880297,302.94763092269324,45.33333333333333,105.33333333333333,50.42307692307692,443.5311720698254,1172.1895261845386,1460.286783042394,305.0,211.7061819421655,543.1153919918171,404.6160206277836,4115.635110603106,295.0,458.1333298130742,68.81053965571866,438.5810473815461,148.50374064837905,148.50374064837905,100.98254364089775,344.5286783042394,59.40149625935162,62.3715710723192,82.66666666666666,46.666666666666664,42.20183486238532,50.64220183486238,109.72477064220182,909.4495412844036,1583.623853211009,23.0
2018-01-18 00:00:00,265.32668329177056,306.9077306733167,45.33333333333333,105.33333333333333,52.19230769230769,451.4513715710723,1190.0099750623442,1478.1072319201994,274.0,215.66330683828073,552.0189230080764,477.8228312059156,4167.981801474708,287.0,490.72779596578306,68.81053965571866,443.5311720698254,149.4937655860349,149.4937655860349,101.9725685785536,349.4788029925187,35.64089775561097,64.35162094763092,84.0,48.0,42.20183486238532,51.69724770642201,110.77981651376146,925.2752293577981,1611.0550458715595,22.0
2018-01-19 00:00:00,288.09725685785537,336.6084788029925,49.33333333333333,110.66666666666666,53.96153846153846,489.072319201995,1288.0224438902742,1610.7705735660847,300.0,234.45965009482813,599.5044217614593,504.53342425469344,4516.630516147829,359.0,507.93043087971273,74.24295068117013,480.1620947630922,163.35411471321694,163.35411471321694,112.86284289276807,378.18952618453864,27.720698254364088,68.31172069825436,86.66666666666666,49.33333333333333,48.532110091743114,54.86238532110091,122.38532110091742,1003.3486238532109,1740.8256880733943,14.0
2018-01-20 00:00:00,265.32668329177056,306.9077306733167,45.33333333333333,105.33333333333333,52.19230769230769,451.4513715710723,1190.0099750623442,1478.1072319201994,309.0,215.66330683828073,552.0189230080764,499.5870181345494,4167.981801474708,503.0,493.4440014785088,68.81053965571866,443.5311720698254,149.4937655860349,149.4937655860349,101.9725685785536,349.4788029925187,38.61097256857855,64.35162094763092,84.0,48.0,42.20183486238532,51.69724770642201,112.88990825688072,928.440366972477,1613.1651376146788,11.0
2018-01-21 00:00:00,257.4064837905237,299.9775561097257,45.33333333333333,105.33333333333333,50.42307692307692,438.5810473815461,1160.3092269326683,1439.496259351621,351.0,205.77049459799264,536.1904234236154,543.1153919918171,4064.2760931441762,352.0,533.2816823318196,68.81053965571866,432.6408977556109,145.53366583541148,145.53366583541148,100.98254364089775,340.56857855361596,60.39152119700748,62.3715710723192,81.33333333333333,46.666666666666664,41.146788990825684,50.64220183486238,108.66972477064219,899.9541284403668,1568.8532110091742,13.0
2018-01-22 00:00:00,242.5561097256858,286.1172069825436,42.666666666666664,94.66666666666666,48.65384615384615,417.79052369077306,1092.9875311720698,1362.2743142144639,364.0,194.88840113367573,507.50126792677986,523.3297675112408,3840.074228467693,262.0,586.700390748759,64.28353046784244,406.9002493765586,136.62344139650872,136.62344139650872,95.04239401496258,321.7581047381546,45.54114713216958,60.39152119700748,73.33333333333333,45.33333333333333,39.036697247706414,48.532110091743114,102.3394495412844,854.5871559633027,1481.2844036697247,24.0
2018-01-23 00:00:00,231.6658354114713,266.3167082294264,38.666666666666664,90.66666666666666,42.46153846153846,388.0897755610972,1032.5960099750623,1284.0623441396508,337.0,186.97415134144524,475.84426875785795,514.4262364949816,3616.860037203882,269.0,636.4974918153976,59.75652127996621,383.1396508728179,128.70324189526184,128.70324189526184,88.11221945137157,304.927680798005,45.54114713216958,53.461346633416454,68.0,42.666666666666664,36.92660550458715,45.366972477064216,100.22935779816513,808.1651376146788,1393.715596330275,15.0
2018-01-24 00:00:00,262.35660847880297,302.94763092269324,45.33333333333333,105.33333333333333,50.42307692307692,443.5311720698254,1172.1895261845386,1460.286783042394,262.0,211.7061819421655,543.1153919918171,385.81967737123614,4115.635110603106,309.0,542.3357007075721,68.81053965571866,438.5810473815461,148.50374064837905,148.50374064837905,100.98254364089775,344.5286783042394,55.441396508728175,62.3715710723192,82.66666666666666,46.666666666666664,42.20183486238532,50.64220183486238,109.72477064220182,909.4495412844036,1583.623853211009,14.0
2018-01-25 00:00:00,265.32668329177056,306.9077306733167,45.33333333333333,105.33333333333333,52.19230769230769,451.4513715710723,1190.0099750623442,1478.1072319201994,238.0,215.66330683828073,552.0189230080764,478.81211242994436,4167.981801474708,336.0,521.5114584433414,68.81053965571866,443.5311720698254,149.4937655860349,149.4937655860349,101.9725685785536,349.4788029925187,58.41147132169576,64.35162094763092,84.0,48.0,42.20183486238532,51.69724770642201,110.77981651376146,925.2752293577981,1611.0550458715595,16.0
2018-01-26 00:00:00,288.09725685785537,336.6084788029925,49.33333333333333,110.66666666666666,53.96153846153846,489.072319201995,1288.0224438902742,1610.7705735660847,234.0,234.45965009482813,599.5044217614593,477.8228312059156,4516.630516147829,329.0,504.3088235294117,74.24295068117013,480.1620947630922,163.35411471321694,163.35411471321694,112.86284289276807,378.18952618453864,34.65087281795511,68.31172069825436,86.66666666666666,49.33333333333333,48.532110091743114,54.86238532110091,122.38532110091742,1003.3486238532109,1740.8256880733943,27.0
2018-01-27 00:00:00,265.32668329177056,306.9077306733167,45.33333333333333,105.33333333333333,52.19230769230769,451.4513715710723,1190.0099750623442,1478.1072319201994,257.0,215.66330683828073,552.0189230080764,576.7509536087966,4167.981801474708,360.0,540.5248970324216,68.81053965571866,443.5311720698254,149.4937655860349,149.4937655860349,101.9725685785536,349.4788029925187,38.61097256857855,64.35162094763092,84.0,48.0,42.20183486238532,51.69724770642201,112.88990825688072,928.440366972477,1613.1651376146788,14.0
2018-01-28 00:00:00,257.4064837905237,299.9775561097257,45.33333333333333,105.33333333333333,50.42307692307692,438.5810473815461,1160.3092269326683,1439.496259351621,278.0,205.77049459799264,536.1904234236154,559.9331728003069,4064.2760931441762,316.0,581.2679797233076,68.81053965571866,432.6408977556109,145.53366583541148,145.53366583541148,100.98254364089775,340.56857855361596,51.48129675810474,62.3715710723192,81.33333333333333,46.666666666666664,41.146788990825684,50.64220183486238,108.66972477064219,899.9541284403668,1568.8532110091742,14.0
2018-01-29 00:00:00,242.5561097256858,286.1172069825436,42.666666666666664,94.66666666666666,48.65384615384615,417.79052369077306,1092.9875311720698,1362.2743142144639,362.0,194.88840113367573,507.50126792677986,681.6147633558505,3840.074228467693,260.0,715.2674516844439,62.472726792691944,406.9002493765586,136.62344139650872,136.62344139650872,95.04239401496258,321.7581047381546,46.53117206982544,60.39152119700748,73.33333333333333,45.33333333333333,39.036697247706414,48.532110091743114,102.3394495412844,854.5871559633027,1481.2844036697247,14.0
2018-01-30 00:00:00,231.6658354114713,266.3167082294264,38.666666666666664,90.66666666666666,42.46153846153846,388.0897755610972,1032.5960099750623,1284.0623441396508,386.0,186.97415134144524,475.84426875785795,591.5901719692288,3616.860037203882,326.0,558.6329337839264,103.21580948357798,383.1396508728179,128.70324189526184,128.70324189526184,88.11221945137157,304.927680798005,67.3216957605985,53.461346633416454,68.0,42.666666666666664,36.92660550458715,45.366972477064216,100.22935779816513,808.1651376146788,1393.715596330275,14.0
2018-01-31 00:00:00,262.35660847880297,302.94763092269324,45.33333333333333,105.33333333333333,50.42307692307692,443.5311720698254,1172.1895261845386,1460.286783042394,318.0,212.69546316619432,543.1153919918171,449.13367570908,4115.635110603106,360.0,585.7949889111839,246.26929982046678,438.5810473815461,148.50374064837905,148.50374064837905,100.98254364089775,344.5286783042394,73.26184538653366,62.3715710723192,82.66666666666666,46.666666666666664,42.20183486238532,50.64220183486238,109.72477064220182,909.4495412844036,1583.623853211009,13.0
2018-02-01 00:00:00,332.6483790523691,391.0598503740648,60.0,136.0,67.23076923076924,586.0947630922693,1534.5386533665835,1908.7680798004985,239.0,273.0416178319517,697.4432629403116,517.394080167068,5003.553508594993,406.0,507.0250290421375,255.32331819621922,575.2044887780548,204.9351620947631,204.9351620947631,130.68329177057356,451.4513715710723,55.441396508728175,82.17206982543641,106.66666666666666,62.666666666666664,53.80733944954128,67.5229357798165,141.3761467889908,1187.9816513761466,2057.3394495412845,11.0
2018-02-02 00:00:00,362.34912718204487,421.7506234413965,64.0,145.33333333333331,71.65384615384616,630.645885286783,1667.2019950124688,2071.13216957606,362.0,295.7950859846144,750.8644490378673,588.6223282971424,5417.388668504449,436.0,491.6331978033583,319.60684866406166,620.7456359102245,224.7356608478803,224.7356608478803,145.53366583541148,489.072319201995,25.74064837905237,88.11221945137157,111.99999999999999,65.33333333333333,62.24770642201834,72.79816513761467,159.31192660550457,1287.1559633027523,2235.642201834862,19.0
2018-02-03 00:00:00,332.6483790523691,391.0598503740648,60.0,136.0,67.23076923076924,586.0947630922693,1534.5386533665835,1908.7680798004985,319.0,273.0416178319517,697.4432629403116,567.8474225925373,5003.553508594993,405.0,549.578915408174,363.06613686767344,575.2044887780548,204.9351620947631,204.9351620947631,130.68329177057356,451.4513715710723,45.54114713216958,82.17206982543641,106.66666666666666,62.666666666666664,53.80733944954128,68.57798165137613,143.4862385321101,1198.532110091743,2073.1651376146788,0.0
2018-02-04 00:00:00,324.7281795511222,379.1795511221945,57.33333333333333,133.33333333333331,65.46153846153847,568.2743142144639,1487.0174563591022,1858.2768079800499,344.0,264.1380868156925,677.6576384597354,566.8581413685085,4873.180618122325,382.0,564.065344809378,426.44426549794065,559.3640897755611,199.9850374064838,199.9850374064838,128.70324189526184,438.5810473815461,44.55112219451372,80.19201995012469,105.33333333333333,61.33333333333333,53.80733944954128,66.46788990825688,142.43119266055044,1167.9357798165136,2017.2477064220182,6.0
2018-02-05 00:00:00,308.88778054862837,360.3690773067331,52.0,122.66666666666666,60.15384615384615,534.6134663341646,1409.7955112219452,1759.2743142144639,382.0,251.2774309033179,642.0435143946981,542.1261107677883,4605.521123288286,416.0,593.0382036117858,421.91725631006443,528.6733167082294,186.12468827930175,186.12468827930175,119.7930174563591,417.79052369077306,54.451371571072315,78.21197007481297,96.0,57.33333333333333,50.64220183486238,64.35779816513761,135.045871559633,1101.4678899082567,1907.5229357798164,17.0
2018-02-06 00:00:00,294.0374064837905,337.59850374064837,49.33333333333333,115.99999999999999,54.84615384615385,500.95261845386534,1329.6034912718205,1658.2917705735658,432.0,238.41677499094337,606.4293903296609,479.8013936539732,4331.935587978216,497.0,548.6735135705987,402.90381772098425,495.01246882793015,174.24438902743142,174.24438902743142,113.85286783042393,388.0897755610972,61.38154613466334,70.29177057356608,90.66666666666666,53.33333333333333,49.58715596330275,58.02752293577981,125.55045871559632,1038.1651376146788,1794.6330275229357,20.0
2018-02-07 00:00:00,330.66832917705733,385.1197007481297,57.33333333333333,134.66666666666666,67.23076923076924,575.2044887780548,1513.7481296758103,1886.9875311720698,326.0,269.0844929358365,688.5397319240523,428.358770004475,4939.354736771331,476.0,501.592618016686,317.7960449889112,568.2743142144639,202.95511221945137,202.95511221945137,128.70324189526184,443.5311720698254,189.09476309226932,80.19201995012469,105.33333333333333,62.666666666666664,53.80733944954128,65.41284403669724,143.4862385321101,1183.761467889908,2040.45871559633,19.0
2018-02-08 00:00:00,332.6483790523691,391.0598503740648,60.0,136.0,67.23076923076924,586.0947630922693,1534.5386533665835,1908.7680798004985,390.0,273.0416178319517,697.4432629403116,472.87642508577153,5003.553508594993,353.0,507.0250290421375,127.66165909810962,575.2044887780548,204.9351620947631,204.9351620947631,130.68329177057356,451.4513715710723,113.85286783042393,82.17206982543641,106.66666666666666,62.666666666666664,53.80733944954128,68.57798165137613,143.4862385321101,1195.366972477064,2067.8899082568805,13.0
2018-02-09 00:00:00,362.34912718204487,421.7506234413965,64.0,145.33333333333331,71.65384615384616,630.645885286783,1667.2019950124688,2071.13216957606,342.0,295.7950859846144,750.8644490378673,523.3297675112409,5417.388668504449,562.0,570.4031576724046,415.5794434470377,620.7456359102245,224.7356608478803,224.7356608478803,145.53366583541148,489.072319201995,50.49127182044888,88.11221945137157,111.99999999999999,65.33333333333333,62.24770642201834,72.79816513761467,159.31192660550457,1287.1559633027523,2235.642201834862,10.0
2018-02-10 00:00:00,332.6483790523691,391.0598503740648,60.0,136.0,67.23076923076924,586.0947630922693,1534.5386533665835,1908.7680798004985,289.0,273.0416178319517,697.4432629403116,549.0510793359899,5003.553508594993,852.0,618.3894550638927,356.7283240046467,575.2044887780548,204.9351620947631,204.9351620947631,130.68329177057356,451.4513715710723,41.581047381546135,82.17206982543641,106.66666666666666,62.666666666666664,53.80733944954128,68.57798165137613,143.4862385321101,1198.532110091743,2073.1651376146788,13.0
2018-02-11 00:00:00,324.7281795511222,379.1795511221945,57.33333333333333,133.33333333333331,65.46153846153847,568.2743142144639,1487.0174563591022,1858.2768079800499,359.0,264.1380868156925,677.6576384597354,618.3007650180067,4873.180618122325,794.0,564.065344809378,405.62002323370996,559.3640897755611,199.9850374064838,199.9850374064838,128.70324189526184,438.5810473815461,80.19201995012469,80.19201995012469,105.33333333333333,61.33333333333333,53.80733944954128,66.46788990825688,142.43119266055044,1167.9357798165136,2017.2477064220182,13.0
2018-02-12 00:00:00,308.88778054862837,360.3690773067331,52.0,122.66666666666666,60.15384615384615,534.6134663341646,1409.7955112219452,1759.2743142144639,379.0,251.2774309033179,642.0435143946981,687.5504507000235,4605.521123288286,690.0,463.5657408385257,411.9578360967367,528.6733167082294,186.12468827930175,186.12468827930175,119.7930174563591,417.79052369077306,63.36159600997506,78.21197007481297,96.0,57.33333333333333,50.64220183486238,64.35779816513761,135.045871559633,1101.4678899082567,1907.5229357798164,17.0
2018-02-13 00:00:00,294.0374064837905,337.59850374064837,49.33333333333333,115.99999999999999,54.84615384615385,500.95261845386534,1329.6034912718205,1658.2917705735658,428.0,238.41677499094337,606.4293903296609,569.8259850405949,4331.935587978216,733.0,590.3219980990601,428.2550691730911,495.01246882793015,174.24438902743142,174.24438902743142,113.85286783042393,388.0897755610972,11.880299251870325,70.29177057356608,90.66666666666666,53.33333333333333,49.58715596330275,58.02752293577981,125.55045871559632,1038.1651376146788,1794.6330275229357,20.0
2018-02-14 00:00:00,330.66832917705733,385.1197007481297,57.33333333333333,134.66666666666666,67.23076923076924,575.2044887780548,1513.7481296758103,1886.9875311720698,421.0,269.0844929358365,688.5397319240523,512.4476740469239,4939.354736771331,586.0,377.5525662688774,403.8092195585595,568.2743142144639,202.95511221945137,202.95511221945137,128.70324189526184,443.5311720698254,1.9800498753117208,80.19201995012469,105.33333333333333,62.666666666666664,53.80733944954128,65.41284403669724,143.4862385321101,1183.761467889908,2040.45871559633,18.0
2018-02-15 00:00:00,332.6483790523691,391.0598503740648,60.0,136.0,67.23076923076924,586.0947630922693,1534.5386533665835,1908.7680798004985,375.0,273.0416178319517,697.4432629403116,463.9728940695122,5003.553508594993,678.0,552.2951209208998,413.7686397718872,575.2044887780548,204.9351620947631,204.9351620947631,130.68329177057356,451.4513715710723,9.900249376558603,82.17206982543641,106.66666666666666,62.666666666666664,53.80733944954128,68.57798165137613,143.4862385321101,1195.366972477064,2067.8899082568805,28.0
2018-02-16 00:00:00,362.34912718204487,421.7506234413965,64.0,145.33333333333331,71.65384615384616,630.645885286783,1667.2019950124688,2071.13216957606,353.0,295.7950859846144,750.8644490378673,528.2761736313848,5417.388668504449,609.0,507.93043087971273,349.4851093040447,620.7456359102245,224.7356608478803,224.7356608478803,145.53366583541148,489.072319201995,0.0,88.11221945137157,111.99999999999999,65.33333333333333,62.24770642201834,72.79816513761467,159.31192660550457,1287.1559633027523,2235.642201834862,29.0
2018-02-17 00:00:00,332.6483790523691,391.0598503740648,60.0,136.0,67.23076923076924,586.0947630922693,1534.5386533665835,1908.7680798004985,334.0,273.0416178319517,697.4432629403116,575.7616723847678,5003.553508594993,752.0,526.9438694687929,330.4716707149646,575.2044887780548,204.9351620947631,204.9351620947631,130.68329177057356,451.4513715710723,5.940149625935161,82.17206982543641,106.66666666666666,62.666666666666664,53.80733944954128,68.57798165137613,143.4862385321101,1198.532110091743,2073.1651376146788,7.0
2018-02-18 00:00:00,324.7281795511222,379.1795511221945,57.33333333333333,133.33333333333331,65.46153846153847,568.2743142144639,1487.0174563591022,1858.2768079800499,388.0,264.1380868156925,677.6576384597354,588.6223282971423,4873.180618122325,791.0,613.8624458760165,250.796309008343,559.3640897755611,199.9850374064838,199.9850374064838,128.70324189526184,438.5810473815461,0.0,80.19201995012469,105.33333333333333,61.33333333333333,53.80733944954128,66.46788990825688,142.43119266055044,1167.9357798165136,2017.2477064220182,12.0
2018-02-19 00:00:00,308.88778054862837,360.3690773067331,52.0,122.66666666666666,60.15384615384615,534.6134663341646,1409.7955112219452,1759.2743142144639,456.0,251.2774309033179,642.0435143946981,621.2686086900931,4605.521123288286,726.0,590.32199809906,242.6476924701658,528.6733167082294,186.12468827930175,186.12468827930175,119.7930174563591,417.79052369077306,1.9800498753117208,78.21197007481297,96.0,57.33333333333333,50.64220183486238,64.35779816513761,135.045871559633,1101.4678899082567,1907.5229357798164,24.0
2018-02-20 00:00:00,294.0374064837905,337.59850374064837,49.33333333333333,115.99999999999999,54.84615384615385,500.95261845386534,1329.6034912718205,1658.2917705735658,499.0,238.41677499094337,606.4293903296609,511.4583928228951,4331.935587978216,634.0,596.6598109620868,236.30987960713907,495.01246882793015,174.24438902743142,174.24438902743142,113.85286783042393,388.0897755610972,0.0,70.29177057356608,90.66666666666666,53.33333333333333,49.58715596330275,58.02752293577981,125.55045871559632,1038.1651376146788,1794.6330275229357,15.0
2018-02-21 00:00:00,330.66832917705733,385.1197007481297,57.33333333333333,134.66666666666666,67.23076923076924,575.2044887780548,1513.7481296758103,1886.9875311720698,400.0,269.0844929358365,688.5397319240523,494.64061201440535,4939.354736771331,670.0,333.18787622769037,253.51251452106874,568.2743142144639,202.95511221945137,202.95511221945137,128.70324189526184,443.5311720698254,61.38154613466334,80.19201995012469,105.33333333333333,62.666666666666664,53.80733944954128,65.41284403669724,143.4862385321101,1183.761467889908,2040.45871559633,1.0
2018-02-22 00:00:00,332.6483790523691,391.0598503740648,60.0,136.0,67.23076923076924,586.0947630922693,1534.5386533665835,1908.7680798004985,391.0,273.0416178319517,697.4432629403116,490.6834871182901,5003.553508594993,711.0,455.4171243003485,226.35045939381138,575.2044887780548,204.9351620947631,204.9351620947631,130.68329177057356,451.4513715710723,101.97256857855362,82.17206982543641,106.66666666666666,62.666666666666664,53.80733944954128,68.57798165137613,143.4862385321101,1195.366972477064,2067.8899082568805,14.0
2018-02-23 00:00:00,362.34912718204487,421.7506234413965,64.0,145.33333333333331,71.65384615384616,630.645885286783,1667.2019950124688,2071.13216957606,414.0,295.7950859846144,750.8644490378673,530.2547360794425,5417.388668504449,824.0,548.6735135705987,239.0260851198648,620.7456359102245,224.7356608478803,224.7356608478803,145.53366583541148,489.072319201995,107.91271820448877,88.11221945137157,111.99999999999999,65.33333333333333,62.24770642201834,72.79816513761467,159.31192660550457,1287.1559633027523,2235.642201834862,1.0
2018-02-24 00:00:00,332.6483790523691,391.0598503740648,60.0,136.0,67.23076923076924,586.0947630922693,1534.5386533665835,1908.7680798004985,363.0,273.0416178319517,697.4432629403116,579.7187972808831,5003.553508594993,955.0,461.7549371633752,241.74229063259054,575.2044887780548,204.9351620947631,204.9351620947631,130.68329177057356,451.4513715710723,118.80299251870323,82.17206982543641,106.66666666666666,62.666666666666664,33.76146788990825,82.29357798165137,143.4862385321101,1198.532110091743,2073.1651376146788,0.0
2018-02-25 00:00:00,324.7281795511222,379.1795511221945,57.33333333333333,133.33333333333331,65.46153846153847,568.2743142144639,1487.0174563591022,1858.2768079800499,394.0,264.1380868156925,677.6576384597354,615.3329213459202,4873.180618122325,946.0,438.21448938641885,157.53991973809272,559.3640897755611,199.9850374064838,199.9850374064838,128.70324189526184,438.5810473815461,130.68329177057356,80.19201995012469,105.33333333333333,61.33333333333333,27.431192660550455,98.11926605504586,142.43119266055044,1167.9357798165136,2017.2477064220182,0.0
2018-02-26 00:00:00,308.88778054862837,360.3690773067331,52.0,122.66666666666666,60.15384615384615,534.6134663341646,1409.7955112219452,1759.2743142144639,483.0,251.2774309033179,642.0435143946981,787.4678543269333,4605.521123288286,658.0,497.0656088288098,19.013438589080156,528.6733167082294,186.12468827930175,186.12468827930175,119.7930174563591,417.79052369077306,88.11221945137157,78.21197007481297,96.0,57.33333333333333,24.266055045871557,109.72477064220182,135.045871559633,1101.4678899082567,1907.5229357798164,6.0
2018-02-27 00:00:00,294.0374064837905,337.59850374064837,49.33333333333333,115.99999999999999,54.84615384615385,500.95261845386534,1329.6034912718205,1658.2917705735658,560.0,238.41677499094337,606.4293903296609,633.1399833784388,4331.935587978216,741.0,435.4982838736931,41.648484528461296,495.01246882793015,174.24438902743142,174.24438902743142,113.85286783042393,388.0897755610972,103.95261845386534,70.29177057356608,90.66666666666666,53.33333333333333,27.431192660550455,80.1834862385321,125.55045871559632,1038.1651376146788,1794.6330275229357,71.0
2018-02-28 00:00:00,330.66832917705733,385.1197007481297,57.33333333333333,134.66666666666666,67.23076923076924,575.2044887780548,1513.7481296758103,1886.9875311720698,427.0,269.0844929358365,688.5397319240523,537.1797046476443,4939.354736771331,737.0,376.64716443130214,43.459288203611784,568.2743142144639,202.95511221945137,202.95511221945137,128.70324189526184,443.5311720698254,97.02244389027432,80.19201995012469,105.33333333333333,62.666666666666664,27.431192660550455,89.6788990825688,143.4862385321101,1183.761467889908,2040.45871559633,103.0
2018-03-01 00:00:00,332.6483790523691,391.0598503740648,60.0,136.0,67.23076923076924,586.0947630922693,1534.5386533665835,1908.7680798004985,302.0,273.0416178319517,697.4432629403116,490.6834871182901,5003.553508594993,773.0,455.4171243003485,226.35045939381138,575.2044887780548,204.9351620947631,204.9351620947631,130.68329177057356,451.4513715710723,101.97256857855362,82.17206982543641,106.66666666666666,62.666666666666664,53.80733944954128,66.46788990825688,143.4862385321101,1195.366972477064,2067.8899082568805,16.0
2018-03-02 00:00:00,392.0498753117207,452.44139650872813,65.33333333333333,153.33333333333331,72.53846153846153,666.286783042394,1759.2743142144639,2186.9650872817956,454.0,316.5699916892194,814.1784473757112,579.7187972808831,5582.330128420628,776.0,447.2685077621713,188.32358221565107,661.3366583541147,240.57605985037407,240.57605985037407,152.4638403990025,513.8229426433916,106.92269326683291,95.04239401496258,119.99999999999999,69.33333333333333,35.871559633027516,77.0183486238532,165.64220183486236,1363.1192660550457,2363.3027522935777,16.0
2018-03-03 00:00:00,424.72069825436404,499.9625935162095,70.66666666666666,166.66666666666666,82.26923076923077,726.6783042394014,1906.788029925187,2380.019950124688,372.0,338.33417861785324,881.4495706096703,570.8152662646238,6050.487326027029,999.0,608.430034850565,202.81001161685498,716.7780548628429,261.3665835411471,261.3665835411471,168.30423940149626,563.3241895261846,146.52369077306733,101.9725685785536,133.33333333333331,78.66666666666666,33.76146788990825,89.6788990825688,183.57798165137612,1484.4495412844035,2567.9816513761466,16.0
2018-03-04 00:00:00,392.0498753117207,452.44139650872813,65.33333333333333,153.33333333333331,72.53846153846153,666.286783042394,1759.2743142144639,2186.9650872817956,408.0,315.5807104651906,814.1784473757112,655.8934515311015,5582.330128420628,986.0,431.87667652339206,204.6208152920055,661.3366583541147,240.57605985037407,240.57605985037407,152.4638403990025,513.8229426433916,79.20199501246883,95.04239401496258,119.99999999999999,69.33333333333333,32.70642201834862,98.11926605504586,166.697247706422,1371.5596330275228,2378.0733944954127,19.0
2018-03-05 00:00:00,383.1396508728179,442.54114713216956,64.0,152.0,71.65384615384616,650.4463840399002,1714.7231920199501,2135.483790523691,437.0,306.6771794489313,793.4035416711062,747.8966053657808,5434.179116519868,791.0,481.67377759003057,316.89064315133595,641.5361596009975,234.6359102244389,234.6359102244389,149.4937655860349,500.95261845386534,0.0,91.08229426433915,117.33333333333333,68.0,30.596330275229356,79.12844036697247,161.42201834862385,1333.5779816513761,2312.6605504587155,36.0
2018-03-06 00:00:00,356.4089775561097,420.7605985037406,62.666666666666664,141.33333333333331,69.0,614.8054862842893,1619.6807980049873,2017.6708229426433,479.0,289.85939864044155,745.9180429177233,729.1002621092334,5134.914072480334,796.0,520.6060566057662,209.14782447988173,606.8852867830424,218.79551122194513,218.79551122194513,140.58354114713217,475.21197007481294,109.8927680798005,86.13216957605985,110.66666666666666,65.33333333333333,27.431192660550455,82.29357798165137,150.87155963302752,1262.8899082568805,2191.3302752293575,29.0
2018-03-07 00:00:00,336.6084788029925,397.0,58.666666666666664,136.0,67.23076923076924,582.1346633416458,1522.6583541147131,1897.8778054862842,436.0,272.05233660792294,704.3682315085132,619.2900462420355,4835.649028440799,765.0,362.1607350300982,250.796309008343,573.2244389027431,206.9152119700748,206.9152119700748,129.69326683291771,448.4812967581047,154.4438902743142,82.17206982543641,106.66666666666666,62.666666666666664,33.76146788990825,91.78899082568806,143.4862385321101,1190.0917431192659,2066.834862385321,32.0
2018-03-08 00:00:00,387.09975062344137,447.49127182044884,65.33333333333333,153.33333333333331,72.53846153846153,661.3366583541147,1732.5436408977555,2163.204488778055,466.0,311.6235855690754,802.3070726873655,593.5687344172865,5501.3409085815465,889.0,315.07983947618544,272.5259531101489,649.4563591022444,238.59600997506234,238.59600997506234,150.48379052369077,507.8827930174564,176.22443890274315,94.05236907730672,118.66666666666666,68.0,33.76146788990825,125.55045871559632,162.47706422018348,1346.2385321100917,2336.926605504587,25.0
2018-03-09 00:00:00,392.0498753117207,452.44139650872813,65.33333333333333,153.33333333333331,72.53846153846153,666.286783042394,1759.2743142144639,2186.9650872817956,417.0,316.5699916892194,814.1784473757112,607.4186715536898,5582.330128420628,928.0,457.227927975499,220.01264653078465,661.3366583541147,240.57605985037407,240.57605985037407,152.4638403990025,513.8229426433916,110.88279301745635,95.04239401496258,119.99999999999999,69.33333333333333,35.871559633027516,92.8440366972477,165.64220183486236,1368.394495412844,2370.688073394495,33.0
2018-03-10 00:00:00,424.72069825436404,499.9625935162095,70.66666666666666,166.66666666666666,82.26923076923077,726.6783042394014,1906.788029925187,2380.019950124688,456.0,338.33417861785324,881.4495706096703,667.7648262194472,6050.487326027029,1080.0,484.38998310275633,192.8505914035273,716.7780548628429,261.3665835411471,261.3665835411471,168.30423940149626,563.3241895261846,65.34164588528678,101.9725685785536,133.33333333333331,78.66666666666666,33.76146788990825,105.50458715596329,183.57798165137612,1484.4495412844035,2567.9816513761466,24.0
2018-03-11 00:00:00,392.0498753117207,452.44139650872813,65.33333333333333,153.33333333333331,72.53846153846153,666.286783042394,1759.2743142144639,2186.9650872817956,478.0,315.5807104651906,814.1784473757112,703.3789502844844,5582.330128420628,943.0,432.7820783609674,240.8368887950153,661.3366583541147,240.57605985037407,240.57605985037407,152.4638403990025,513.8229426433916,49.50124688279302,95.04239401496258,119.99999999999999,69.33333333333333,32.70642201834862,127.66055045871559,166.697247706422,1371.5596330275228,2378.0733944954127,25.0
2018-03-12 00:00:00,383.1396508728179,442.54114713216956,64.0,152.0,71.65384615384616,650.4463840399002,1714.7231920199501,2135.483790523691,453.0,306.6771794489313,793.4035416711062,718.2181686449165,5434.179116519868,860.0,410.14703242158623,204.6208152920055,641.5361596009975,234.6359102244389,234.6359102244389,149.4937655860349,500.95261845386534,79.20199501246883,91.08229426433915,117.33333333333333,68.0,30.596330275229356,126.60550458715596,161.42201834862385,1333.5779816513761,2312.6605504587155,22.0
2018-03-13 00:00:00,356.4089775561097,420.7605985037406,62.666666666666664,141.33333333333331,69.0,614.8054862842893,1619.6807980049873,2017.6708229426433,584.0,289.85939864044155,745.9180429177233,889.3638204019007,5134.914072480334,827.0,477.14676840215435,222.7288520435104,606.8852867830424,218.79551122194513,218.79551122194513,140.58354114713217,475.21197007481294,87.12219451371571,86.13216957605985,110.66666666666666,65.33333333333333,27.431192660550455,88.62385321100916,150.87155963302752,1262.8899082568805,2191.3302752293575,30.0
2018-03-14 00:00:00,336.6084788029925,397.0,58.666666666666664,136.0,67.23076923076924,582.1346633416458,1522.6583541147131,1897.8778054862842,482.0,272.05233660792294,704.3682315085132,644.0220768427557,4835.649028440799,736.0,366.6877442179744,247.174701658042,573.2244389027431,206.9152119700748,206.9152119700748,129.69326683291771,448.4812967581047,138.60349127182045,82.17206982543641,106.66666666666666,62.666666666666664,33.76146788990825,123.44036697247705,143.4862385321101,1190.0917431192659,2066.834862385321,26.0
2018-03-15 00:00:00,387.09975062344137,447.49127182044884,65.33333333333333,153.33333333333331,72.53846153846153,661.3366583541147,1732.5436408977555,2163.204488778055,388.0,311.6235855690754,802.3070726873655,614.3436401218914,5501.3409085815465,689.0,342.2418946034428,244.4584961453163,649.4563591022444,238.59600997506234,238.59600997506234,150.48379052369077,507.8827930174564,197.0149625935162,94.05236907730672,118.66666666666666,68.0,33.76146788990825,64.35779816513761,162.47706422018348,1346.2385321100917,2336.926605504587,21.0
2018-03-16 00:00:00,392.0498753117207,452.44139650872813,65.33333333333333,153.33333333333331,72.53846153846153,666.286783042394,1759.2743142144639,2186.9650872817956,461.0,316.5699916892194,814.1784473757112,649.9577641869287,5582.330128420628,649.0,495.2548051536593,204.6208152920055,661.3366583541147,240.57605985037407,240.57605985037407,152.4638403990025,513.8229426433916,176.22443890274315,95.04239401496258,119.99999999999999,69.33333333333333,35.871559633027516,80.1834862385321,165.64220183486236,1368.394495412844,2370.688073394495,9.0
2018-03-17 00:00:00,424.72069825436404,499.9625935162095,70.66666666666666,166.66666666666666,82.26923076923077,726.6783042394014,1906.788029925187,2380.019950124688,500.0,338.33417861785324,881.4495706096703,588.6223282971424,6050.487326027029,1074.0,453.606320625198,230.8774685816876,716.7780548628429,261.3665835411471,261.3665835411471,168.30423940149626,563.3241895261846,167.3142144638404,101.9725685785536,133.33333333333331,78.66666666666666,33.76146788990825,92.8440366972477,183.57798165137612,1484.4495412844035,2567.9816513761466,13.0
2018-03-18 00:00:00,392.0498753117207,452.44139650872813,65.33333333333333,153.33333333333331,72.53846153846153,666.286783042394,1759.2743142144639,2186.9650872817956,429.0,315.5807104651906,814.1784473757112,718.2181686449165,5582.330128420628,876.0,545.0519062202978,250.796309008343,661.3366583541147,240.57605985037407,240.57605985037407,152.4638403990025,513.8229426433916,154.4438902743142,95.04239401496258,119.99999999999999,69.33333333333333,32.70642201834862,90.73394495412843,166.697247706422,1371.5596330275228,2378.0733944954127,28.0
2018-03-19 00:00:00,383.1396508728179,442.54114713216956,64.0,152.0,71.65384615384616,650.4463840399002,1714.7231920199501,2135.483790523691,480.0,306.6771794489313,793.4035416711062,722.1752935410318,5434.179116519868,830.0,546.8627098954482,229.97206674411237,641.5361596009975,234.6359102244389,234.6359102244389,149.4937655860349,500.95261845386534,101.9725685785536,91.08229426433915,117.33333333333333,68.0,30.596330275229356,85.45871559633026,161.42201834862385,1333.5779816513761,2312.6605504587155,21.0
2018-03-20 00:00:00,356.4089775561097,420.7605985037406,62.666666666666664,141.33333333333331,69.0,614.8054862842893,1619.6807980049873,2017.6708229426433,504.0,289.85939864044155,745.9180429177233,822.0926971679417,5134.914072480334,876.0,531.4708786566691,215.48563734290843,606.8852867830424,218.79551122194513,218.79551122194513,140.58354114713217,475.21197007481294,56.431421446384036,86.13216957605985,110.66666666666666,65.33333333333333,27.431192660550455,90.73394495412843,150.87155963302752,1262.8899082568805,2191.3302752293575,17.0
2018-03-21 00:00:00,336.6084788029925,397.0,58.666666666666664,136.0,67.23076923076924,582.1346633416458,1522.6583541147131,1897.8778054862842,486.0,272.05233660792294,704.3682315085132,683.5933258039082,4835.649028440799,754.0,379.36336994402785,237.21528144471432,573.2244389027431,206.9152119700748,206.9152119700748,129.69326683291771,448.4812967581047,70.29177057356608,82.17206982543641,106.66666666666666,62.666666666666664,33.76146788990825,93.89908256880733,143.4862385321101,1190.0917431192659,2066.834862385321,22.0
2018-03-22 00:00:00,387.09975062344137,447.49127182044884,65.33333333333333,153.33333333333331,72.53846153846153,661.3366583541147,1732.5436408977555,2163.204488778055,477.0,311.6235855690754,802.3070726873655,525.3083299592985,5501.3409085815465,766.0,231.78287041926285,201.90460977927975,649.4563591022444,238.59600997506234,238.59600997506234,150.48379052369077,507.8827930174564,65.34164588528678,94.05236907730672,118.66666666666666,68.0,33.76146788990825,101.28440366972477,162.47706422018348,1346.2385321100917,2336.926605504587,23.0
2018-03-23 00:00:00,392.0498753117207,452.44139650872813,65.33333333333333,153.33333333333331,72.53846153846153,666.286783042394,1759.2743142144639,2186.9650872817956,465.0,316.5699916892194,814.1784473757112,604.4508278816033,5582.330128420628,690.0,453.606320625198,286.10698067377757,661.3366583541147,240.57605985037407,240.57605985037407,152.4638403990025,513.8229426433916,96.03241895261846,95.04239401496258,119.99999999999999,69.33333333333333,35.871559633027516,89.6788990825688,165.64220183486236,1368.394495412844,2370.688073394495,16.0
2018-03-24 00:00:00,424.72069825436404,499.9625935162095,70.66666666666666,166.66666666666666,82.26923076923077,726.6783042394014,1906.788029925187,2380.019950124688,509.0,338.33417861785324,881.4495706096703,656.8827327551303,6050.487326027029,308.0,562.2545411342275,240.8368887950153,716.7780548628429,261.3665835411471,261.3665835411471,168.30423940149626,563.3241895261846,62.3715710723192,101.9725685785536,133.33333333333331,78.66666666666666,33.76146788990825,74.90825688073394,183.57798165137612,1484.4495412844035,2567.9816513761466,19.0
2018-03-25 00:00:00,392.0498753117207,452.44139650872813,65.33333333333333,153.33333333333331,72.53846153846153,666.286783042394,1759.2743142144639,2186.9650872817956,480.0,315.5807104651906,814.1784473757112,719.2074498689453,5582.330128420628,644.0,567.6869521596789,123.13464991023339,661.3366583541147,240.57605985037407,240.57605985037407,152.4638403990025,513.8229426433916,71.28179551122194,95.04239401496258,119.99999999999999,69.33333333333333,32.70642201834862,107.61467889908256,166.697247706422,1371.5596330275228,2378.0733944954127,27.0
2018-03-26 00:00:00,383.1396508728179,442.54114713216956,64.0,152.0,71.65384615384616,650.4463840399002,1714.7231920199501,2135.483790523691,495.0,306.6771794489313,793.4035416711062,858.6961024570077,5434.179116519868,774.0,567.6869521596789,239.02608511986483,641.5361596009975,234.6359102244389,234.6359102244389,149.4937655860349,500.95261845386534,92.07231920199501,91.08229426433915,117.33333333333333,68.0,30.596330275229356,80.1834862385321,161.42201834862385,1333.5779816513761,2312.6605504587155,28.0
2018-03-27 00:00:00,356.4089775561097,420.7605985037406,62.666666666666664,141.33333333333331,69.0,614.8054862842893,1619.6807980049873,2017.6708229426433,530.0,289.85939864044155,745.9180429177233,981.3669742365803,5134.914072480334,705.0,477.14676840215435,210.9586281550322,606.8852867830424,218.79551122194513,218.79551122194513,140.58354114713217,475.21197007481294,63.36159600997506,86.13216957605985,110.66666666666666,65.33333333333333,27.431192660550455,89.6788990825688,150.87155963302752,1262.8899082568805,2191.3302752293575,26.0
2018-03-28 00:00:00,336.6084788029925,397.0,58.666666666666664,136.0,67.23076923076924,582.1346633416458,1522.6583541147131,1897.8778054862842,480.0,272.05233660792294,704.3682315085132,904.203038762333,4835.649028440799,724.0,348.57970746646953,213.67483366775792,573.2244389027431,206.9152119700748,206.9152119700748,129.69326683291771,448.4812967581047,22.77057356608479,82.17206982543641,106.66666666666666,62.666666666666664,33.76146788990825,80.1834862385321,143.4862385321101,1190.0917431192659,2066.834862385321,22.0
2018-03-29 00:00:00,387.09975062344137,447.49127182044884,65.33333333333333,153.33333333333331,72.53846153846153,661.3366583541147,1732.5436408977555,2163.204488778055,375.0,311.6235855690754,802.3070726873655,774.6071984145588,5501.3409085815465,451.0,377.5525662688774,131.2832664484106,649.4563591022444,238.59600997506234,238.59600997506234,150.48379052369077,507.8827930174564,51.48129675810473,94.05236907730672,118.66666666666666,68.0,33.76146788990825,101.28440366972475,162.47706422018348,1346.2385321100917,2336.926605504587,24.0
2018-03-30 00:00:00,392.0498753117207,452.44139650872813,65.33333333333333,153.33333333333331,72.53846153846153,666.286783042394,1759.2743142144639,2186.9650872817956,390.0,316.5699916892194,814.1784473757112,712.2824813007437,5582.330128420628,431.0,556.8221301087759,101.4050058084275,661.3366583541147,240.57605985037407,240.57605985037407,152.4638403990025,513.8229426433916,55.441396508728175,95.04239401496258,119.99999999999999,69.33333333333333,35.871559633027516,71.74311926605503,165.64220183486236,1368.394495412844,2370.688073394495,24.0
2018-03-31 00:00:00,424.72069825436404,499.9625935162095,70.66666666666666,166.66666666666666,82.26923076923077,726.6783042394014,1906.788029925187,2380.019950124688,326.0,338.33417861785324,881.4495706096703,757.789417606069,6050.487326027029,428.0,635.5920899778223,71.52674516844439,716.7780548628429,261.3665835411471,261.3665835411471,168.30423940149626,563.3241895261846,34.65087281795511,101.9725685785536,133.33333333333331,78.66666666666666,33.76146788990825,106.55963302752292,183.57798165137612,1484.4495412844035,2567.9816513761466,21.0
2018-04-01 00:00:00,392.0498753117207,452.44139650872813,65.33333333333333,153.33333333333331,72.53846153846153,666.286783042394,1759.2743142144639,2186.9650872817956,454.0,315.5807104651906,814.1784473757112,725.1431372131183,5582.330128420628,508.0,577.6463723730067,38.02687717816031,661.3366583541147,240.57605985037407,240.57605985037407,152.4638403990025,513.8229426433916,26.730673316708227,95.04239401496258,119.99999999999999,69.33333333333333,32.70642201834862,101.28440366972475,166.697247706422,1371.5596330275228,2378.0733944954127,22.0
2018-04-02 00:00:00,366.3092269326683,424.72069825436404,62.666666666666664,145.33333333333331,69.0,620.7456359102245,1638.491271820449,2037.4713216957605,356.0,293.81652353655676,750.8644490378673,708.3253564046285,5188.2484367646075,604.0,577.6463723730066,84.20237089449783,610.8453865336658,219.78553615960098,219.78553615960098,142.5635910224439,479.1720698254364,46.53117206982544,87.12219451371571,110.66666666666666,65.33333333333333,27.431192660550455,105.50458715596329,155.09174311926606,1275.5504587155963,2209.2660550458713,41.0
2018-04-03 00:00:00,341.5586034912718,401.9501246882793,60.0,136.0,67.23076923076924,588.074812967581,1548.3990024937655,1922.6284289276807,355.0,278.9773051761246,713.2717625247725,812.1998849276536,4900.835473677133,677.0,624.7272679269194,79.6753617066216,582.1346633416458,208.89526184538653,208.89526184538653,132.66334164588528,453.43142144638404,38.61097256857855,82.17206982543641,108.0,62.666666666666664,27.431192660550455,88.62385321100916,143.4862385321101,1208.0275229357796,2095.321100917431,33.0
2018-04-04 00:00:00,323.7381546134663,381.15960099750623,53.33333333333333,128.0,62.80769230769231,555.4039900249377,1449.3965087281795,1815.7057356608477,337.0,263.14880559166363,672.7112323395912,740.9716367975792,4615.397857415003,388.0,395.66060302038227,77.86455803147112,551.4438902743142,197.0149625935162,197.0149625935162,123.75311720698254,425.71072319201994,19.800498753117207,79.20199501246883,100.0,60.0,31.651376146788987,63.302752293577974,139.26605504587155,1135.229357798165,1965.550458715596,39.0
2018-04-05 00:00:00,368.28927680798,430.66084788029923,62.666666666666664,145.33333333333331,70.76923076923077,628.6658354114713,1660.2718204488776,2063.211970074813,337.0,297.773648432672,762.7358237262131,653.9148890830438,5251.459535175598,350.0,355.82292216707145,85.10777273207307,620.7456359102245,224.7356608478803,224.7356608478803,142.5635910224439,487.09226932668327,52.471321695760594,88.11221945137157,111.99999999999999,65.33333333333333,31.651376146788987,111.83486238532109,159.31192660550457,1281.880733944954,2227.201834862385,42.0
2018-04-06 00:00:00,372.2493765586035,433.6309226932668,64.0,150.66666666666666,71.65384615384616,634.6059850374065,1683.0423940149626,2095.882793017456,317.0,302.72005455281607,775.5964796385877,588.6223282971423,5326.52271453865,375.0,548.6735135705987,86.01317456964833,628.6658354114713,227.70573566084786,227.70573566084786,148.50374064837905,493.03241895261846,48.51122194513715,89.10224438902743,114.66666666666666,65.33333333333333,35.871559633027516,90.73394495412843,160.3669724770642,1307.201834862385,2265.1834862385317,31.0
2018-04-07 00:00:00,406.9002493765586,468.2817955112219,68.0,156.0,78.73076923076923,692.0274314214464,1820.6558603491271,2265.177057356608,266.0,327.45208515353636,837.9211967524027,668.754107443476,5774.926443891616,404.0,617.4840532263174,92.35098743267504,684.1072319201995,249.4862842892768,249.4862842892768,158.40399002493766,534.6134663341646,38.61097256857855,99.00249376558602,126.66666666666666,73.33333333333333,31.651376146788987,84.40366972477064,171.97247706422016,1416.926605504587,2459.311926605504,32.0
2018-04-08 00:00:00,372.2493765586035,433.6309226932668,64.0,150.66666666666666,71.65384615384616,634.6059850374065,1683.0423940149626,2095.882793017456,311.0,301.7307733287873,775.5964796385877,624.2364523621795,5326.52271453865,388.0,512.457440067589,86.01317456964833,628.6658354114713,227.70573566084786,227.70573566084786,148.50374064837905,493.03241895261846,25.74064837905237,89.10224438902743,114.66666666666666,65.33333333333333,30.596330275229356,74.90825688073393,161.42201834862385,1310.366972477064,2271.5137614678897,46.0
2018-04-09 00:00:00,366.3092269326683,424.72069825436404,62.666666666666664,145.33333333333331,69.0,620.7456359102245,1638.491271820449,2037.4713216957605,304.0,293.81652353655676,750.8644490378673,665.7862637713896,5188.2484367646075,572.0,621.1056605766184,84.20237089449783,610.8453865336658,219.78553615960098,219.78553615960098,142.5635910224439,479.1720698254364,45.54114713216958,87.12219451371571,110.66666666666666,65.33333333333333,27.431192660550455,61.19266055045871,154.0366972477064,1274.4954128440365,2207.1559633027523,39.0
2018-04-10 00:00:00,341.5586034912718,401.9501246882793,60.0,136.0,67.23076923076924,588.074812967581,1548.3990024937655,1922.6284289276807,289.0,278.9773051761246,713.2717625247725,732.0681057813199,4900.835473677133,464.0,585.7949889111839,79.6753617066216,582.1346633416458,208.89526184538653,208.89526184538653,132.66334164588528,453.43142144638404,59.40149625935162,82.17206982543641,108.0,62.666666666666664,27.431192660550455,28.48623853211009,143.4862385321101,1208.0275229357796,2095.321100917431,44.0
2018-04-11 00:00:00,323.7381546134663,381.15960099750623,53.33333333333333,128.0,62.80769230769231,555.4039900249377,1449.3965087281795,1815.7057356608477,318.0,263.14880559166363,672.7112323395912,645.0113580667846,4615.397857415003,371.0,434.5928820361178,77.86455803147112,551.4438902743142,197.0149625935162,197.0149625935162,123.75311720698254,425.71072319201994,43.561097256857856,79.20199501246883,100.0,60.0,31.651376146788987,45.366972477064216,139.26605504587155,1135.229357798165,1965.550458715596,30.0
2018-04-12 00:00:00,368.28927680798,430.66084788029923,62.666666666666664,145.33333333333331,70.76923076923077,628.6658354114713,1660.2718204488776,2063.211970074813,340.0,297.773648432672,762.7358237262131,598.5151405374305,5251.459535175598,378.0,352.2013148167705,85.10777273207307,620.7456359102245,224.7356608478803,224.7356608478803,142.5635910224439,487.09226932668327,44.55112219451372,88.11221945137157,111.99999999999999,65.33333333333333,31.651376146788987,55.917431192660544,159.31192660550457,1281.880733944954,2227.201834862385,31.0
2018-04-13 00:00:00,372.2493765586035,433.6309226932668,64.0,150.66666666666666,71.65384615384616,634.6059850374065,1683.0423940149626,2095.882793017456,305.0,302.72005455281607,775.5964796385877,595.547296865344,5326.52271453865,303.0,507.93043087971273,86.01317456964833,628.6658354114713,227.70573566084786,227.70573566084786,148.50374064837905,493.03241895261846,60.39152119700748,89.10224438902743,114.66666666666666,65.33333333333333,35.871559633027516,47.47706422018348,160.3669724770642,1307.201834862385,2265.1834862385317,28.0
2018-04-14 00:00:00,406.9002493765586,468.2817955112219,68.0,156.0,78.73076923076923,692.0274314214464,1820.6558603491271,2265.177057356608,281.0,327.45208515353636,837.9211967524027,597.5258593134017,5774.926443891616,393.0,544.1465043827226,92.35098743267504,684.1072319201995,249.4862842892768,249.4862842892768,158.40399002493766,534.6134663341646,51.48129675810473,99.00249376558602,126.66666666666666,73.33333333333333,31.651376146788987,61.19266055045871,171.97247706422016,1416.926605504587,2459.311926605504,29.0
2018-04-15 00:00:00,372.2493765586035,433.6309226932668,64.0,150.66666666666666,71.65384615384616,634.6059850374065,1683.0423940149626,2095.882793017456,233.0,301.7307733287873,775.5964796385877,601.4829842095169,5326.52271453865,493.0,612.051642200866,86.01317456964833,628.6658354114713,227.70573566084786,227.70573566084786,148.50374064837905,493.03241895261846,32.67082294264339,89.10224438902743,114.66666666666666,65.33333333333333,30.596330275229356,50.64220183486238,161.42201834862385,1310.366972477064,2271.5137614678897,34.0
2018-04-16 00:00:00,366.3092269326683,424.72069825436404,62.666666666666664,145.33333333333331,69.0,620.7456359102245,1638.491271820449,2037.4713216957605,225.0,293.81652353655676,750.8644490378673,609.3972340017474,5188.2484367646075,662.0,561.3491392966522,84.20237089449783,610.8453865336658,219.78553615960098,219.78553615960098,142.5635910224439,479.1720698254364,44.55112219451372,87.12219451371571,110.66666666666666,65.33333333333333,27.431192660550455,48.532110091743114,154.0366972477064,1274.4954128440365,2207.1559633027523,31.0
2018-04-17 00:00:00,341.5586034912718,401.9501246882793,60.0,136.0,67.23076923076924,588.074812967581,1548.3990024937655,1922.6284289276807,234.0,278.9773051761246,713.2717625247725,664.7969825473608,4900.835473677133,714.0,575.8355686978562,79.6753617066216,582.1346633416458,208.89526184538653,208.89526184538653,132.66334164588528,453.43142144638404,50.49127182044888,82.17206982543641,108.0,62.666666666666664,27.431192660550455,58.027522935779814,143.4862385321101,1208.0275229357796,2095.321100917431,39.0
2018-04-18 00:00:00,323.7381546134663,381.15960099750623,53.33333333333333,128.0,62.80769230769231,555.4039900249377,1449.3965087281795,1815.7057356608477,310.0,263.14880559166363,672.7112323395912,585.6544846250559,4615.397857415003,376.0,516.0790474178899,77.86455803147112,551.4438902743142,197.0149625935162,197.0149625935162,123.75311720698254,425.71072319201994,49.50124688279302,79.20199501246883,100.0,60.0,31.651376146788987,42.20183486238532,139.26605504587155,1135.229357798165,1965.550458715596,42.0
2018-04-19 00:00:00,368.28927680798,430.66084788029923,62.666666666666664,145.33333333333331,70.76923076923077,628.6658354114713,1660.2718204488776,2063.211970074813,382.0,297.773648432672,762.7358237262131,564.8795789204509,5251.459535175598,391.0,406.5254250712852,85.10777273207307,620.7456359102245,224.7356608478803,224.7356608478803,142.5635910224439,487.09226932668327,64.35162094763092,88.11221945137157,111.99999999999999,65.33333333333333,31.651376146788987,58.027522935779814,159.31192660550457,1281.880733944954,2227.201834862385,39.0
2018-04-20 00:00:00,372.2493765586035,433.6309226932668,64.0,150.66666666666666,71.65384615384616,634.6059850374065,1683.0423940149626,2095.882793017456,334.0,302.72005455281607,775.5964796385877,535.2011421995866,5326.52271453865,482.0,581.2679797233076,86.01317456964833,628.6658354114713,227.70573566084786,227.70573566084786,148.50374064837905,493.03241895261846,76.23192019950125,89.10224438902743,114.66666666666666,65.33333333333333,35.871559633027516,41.146788990825684,160.3669724770642,1307.201834862385,2265.1834862385317,41.0
2018-04-21 00:00:00,406.9002493765586,468.2817955112219,68.0,156.0,78.73076923076923,692.0274314214464,1820.6558603491271,2265.177057356608,303.0,327.45208515353636,837.9211967524027,519.3726426151256,5774.926443891616,576.0,677.2405745062837,92.35098743267504,684.1072319201995,249.4862842892768,249.4862842892768,158.40399002493766,534.6134663341646,47.5211970074813,99.00249376558602,126.66666666666666,73.33333333333333,31.651376146788987,59.08256880733944,171.97247706422016,1416.926605504587,2459.311926605504,45.0
2018-04-22 00:00:00,372.2493765586035,433.6309226932668,64.0,150.66666666666666,71.65384615384616,634.6059850374065,1683.0423940149626,2095.882793017456,244.0,301.7307733287873,775.5964796385877,548.0617981119611,5326.52271453865,628.0,603.9030256626887,86.01317456964833,628.6658354114713,227.70573566084786,227.70573566084786,148.50374064837905,493.03241895261846,28.71072319201995,89.10224438902743,114.66666666666666,65.33333333333333,30.596330275229356,70.6880733944954,161.42201834862385,1310.366972477064,2271.5137614678897,31.0
2018-04-23 00:00:00,366.3092269326683,424.72069825436404,62.666666666666664,145.33333333333331,69.0,620.7456359102245,1638.491271820449,2037.4713216957605,284.0,293.81652353655676,750.8644490378673,621.2686086900931,5188.2484367646075,520.0,635.5920899778223,84.20237089449783,610.8453865336658,219.78553615960098,219.78553615960098,142.5635910224439,479.1720698254364,45.54114713216958,87.12219451371571,110.66666666666666,65.33333333333333,27.431192660550455,86.51376146788989,154.0366972477064,1274.4954128440365,2207.1559633027523,43.0
2018-04-24 00:00:00,341.5586034912718,401.9501246882793,60.0,136.0,67.23076923076924,588.074812967581,1548.3990024937655,1922.6284289276807,315.0,278.9773051761246,713.2717625247725,747.8966053657808,4900.835473677133,474.0,673.6189671559827,79.6753617066216,582.1346633416458,208.89526184538653,208.89526184538653,132.66334164588528,453.43142144638404,49.50124688279301,82.17206982543641,108.0,62.666666666666664,27.431192660550455,66.46788990825688,143.4862385321101,1208.0275229357796,2095.321100917431,26.0
2018-04-25 00:00:00,323.7381546134663,381.15960099750623,53.33333333333333,128.0,62.80769230769231,555.4039900249377,1449.3965087281795,1815.7057356608477,330.0,263.14880559166363,672.7112323395912,551.0296417840475,4615.397857415003,496.0,515.1736455803147,77.86455803147112,551.4438902743142,197.0149625935162,197.0149625935162,123.75311720698254,425.71072319201994,53.461346633416454,79.20199501246883,100.0,60.0,31.651376146788987,49.58715596330275,139.26605504587155,1135.229357798165,1965.550458715596,7.0
2018-04-26 00:00:00,368.28927680798,430.66084788029923,62.666666666666664,145.33333333333331,70.76923076923077,628.6658354114713,1660.2718204488776,2063.211970074813,400.0,297.773648432672,762.7358237262131,585.6544846250559,5251.459535175598,611.0,390.2281919949308,85.10777273207307,620.7456359102245,224.7356608478803,224.7356608478803,142.5635910224439,487.09226932668327,840.5311720698254,88.11221945137157,111.99999999999999,65.33333333333333,31.651376146788987,44.31192660550458,159.31192660550457,1281.880733944954,2227.201834862385,5.0
2018-04-27 00:00:00,372.2493765586035,433.6309226932668,64.0,150.66666666666666,71.65384615384616,634.6059850374065,1683.0423940149626,2095.882793017456,341.0,302.72005455281607,775.5964796385877,555.9760479041915,5326.52271453865,689.0,617.4840532263174,86.01317456964833,628.6658354114713,227.70573566084786,227.70573566084786,148.50374064837905,493.03241895261846,210.87531172069825,89.10224438902743,114.66666666666666,65.33333333333333,35.871559633027516,75.96330275229357,160.3669724770642,1307.201834862385,2265.1834862385317,11.0
2018-04-28 00:00:00,406.9002493765586,468.2817955112219,68.0,156.0,78.73076923076923,692.0274314214464,1820.6558603491271,2265.177057356608,400.0,327.45208515353636,837.9211967524027,605.4401091056321,5774.926443891616,818.0,622.0110624141937,92.35098743267504,684.1072319201995,249.4862842892768,249.4862842892768,158.40399002493766,534.6134663341646,1057.3466334164589,99.00249376558602,126.66666666666666,73.33333333333333,31.651376146788987,96.0091743119266,171.97247706422016,1416.926605504587,2459.311926605504,12.0
2018-04-29 00:00:00,372.2493765586035,433.6309226932668,64.0,150.66666666666666,71.65384615384616,634.6059850374065,1683.0423940149626,2095.882793017456,319.0,301.7307733287873,775.5964796385877,728.1109808852046,5326.52271453865,800.0,618.3894550638927,86.01317456964833,628.6658354114713,227.70573566084786,227.70573566084786,148.50374064837905,493.03241895261846,900.9226932668329,89.10224438902743,114.66666666666666,65.33333333333333,30.596330275229356,127.66055045871558,161.42201834862385,1310.366972477064,2271.5137614678897,11.0
2018-04-30 00:00:00,366.3092269326683,424.72069825436404,62.666666666666664,145.33333333333331,69.0,620.7456359102245,1638.491271820449,2037.4713216957605,249.0,293.81652353655676,750.8644490378673,849.7925714407484,5188.2484367646075,536.0,680.8621818565846,84.20237089449783,610.8453865336658,219.78553615960098,219.78553615960098,142.5635910224439,479.1720698254364,169.2942643391521,87.12219451371571,110.66666666666666,65.33333333333333,27.431192660550455,100.22935779816514,154.0366972477064,1274.4954128440365,2207.1559633027523,16.0
2018-05-01 00:00:00,341.5586034912718,401.9501246882793,60.0,136.0,67.23076923076924,588.074812967581,1548.3990024937655,1922.6284289276807,352.0,279.9665864001534,713.2717625247725,617.3114837939779,4900.835473677133,566.0,652.794724891752,79.6753617066216,582.1346633416458,208.89526184538653,208.89526184538653,132.66334164588528,453.43142144638404,72.2718204488778,82.17206982543641,108.0,62.666666666666664,27.431192660550455,109.72477064220183,143.4862385321101,1208.0275229357796,2095.321100917431,46.0
2018-05-02 00:00:00,430.66084788029923,504.9127182044888,74.66666666666666,172.0,100.58823529411765,714.7980049875312,1872.1371571072318,2331.508728179551,352.0,351.1948345302278,909.149444882477,646.9899205148422,5722.373249064301,515.0,677.9301668602809,106.83741683387898,701.927680798005,256.41645885286783,256.41645885286783,170.28428927680798,554.4139650872818,113.85286783042393,100.98254364089775,134.66666666666666,84.0,39.036697247706414,92.8440366972477,176.1926605504587,1450.6880733944954,2515.229357798165,29.0
2018-05-03 00:00:00,489.072319201995,575.2044887780548,88.0,197.33333333333331,109.52941176470588,810.8304239401496,2131.5236907730673,2660.1970074812966,358.0,398.6803332836107,1038.7452852302513,597.5258593134016,4568.0,607.0,651.0,123.13464991023339,796.9700748129675,290.07730673316706,290.07730673316706,198.99501246882792,627.6758104738154,91.08229426433915,113.85286783042393,153.33333333333331,90.66666666666666,39.036697247706414,105.50458715596329,201.51376146788988,1656.4220183486236,2866.5596330275225,28.0
2018-05-04 00:00:00,499.96259351620944,581.14463840399,59.99999999999999,169.33333333333331,112.88235294117646,822.7107231920199,2161.224438902743,2695.837905236908,413.0,402.63745817972597,1049.6273786945683,655.8934515311015,4844.0,687.0,745.0,124.04005174780863,810.8304239401496,232.9850374064838,224.9850374064838,174.60349127182045,635.6508728179551,137.66334164588528,141.2019950124688,157.33333333333331,90.66666666666666,22.71559633027523,92.42201834862385,146.08256880733944,679.6605504587155,1262.275229357798,37.0
2018-05-05 00:00:00,542.5336658354115,628.6658354114713,no data,123.0,121.82352941176471,890.0324189526184,2341.4089775561097,2921.5635910224437,449.0,437.2623010207343,1138.6626888571611,779.4306476015939,3932.0,748.0,783.0,134.90487379871158,879.1421446384039,113.0,63.0,100.0,697.0,35.0,122.0,165.33333333333331,98.66666666666666,9.0,57.0,80.0,111.0,179.0,42.0
2018-05-06 00:00:00,499.96259351620944,581.14463840399,no data,120.0,112.88235294117646,822.7107231920199,2161.224438902743,2695.837905236908,417.0,402.63745817972597,1049.6273786945683,1683.0,3400.0,833.0,916.0,124.04005174780863,810.8304239401496,108.0,54.0,118.0,640.0,16.0,163.0,157.33333333333331,90.66666666666666,9.0,50.0,68.0,88.0,126.0,19.0
2018-05-07 00:00:00,484.1221945137157,568.2743142144639,no data,62.0,108.41176470588235,796.9700748129675,2101.8229426433913,2622.576059850374,399.0,394.72320838749545,1020.9382231977327,1441.0,4682.0,617.0,627.0,121.3238462350829,791.0299251870324,120.0,53.0,87.0,627.0,31.0,114.0,103.0,34.666666666666664,3.0,103.0,91.0,119.0,332.0,50.0
2018-05-08 00:00:00,313.8379052369077,368.28927680798006,no data,34.0,106.17647058823529,517.783042394015,1363.2643391521196,1702.8428927680798,392.0,276.998742728067,963.5599122040616,1691.0,4765.0,442.0,599.0,113.17522969690569,512.8329177057357,123.0,53.0,84.0,594.0,29.0,94.0,149.0,no data,6.0,62.0,77.0,108.0,314.0,43.0
2018-05-09 00:00:00,no data,no data,no data,4561.0,69.70588235294117,no data,no data,no data,401.0,no data,909.149444882477,1511.0,4661.0,417.0,653.0,106.83741683387898,no data,193.0,72.0,119.0,560.0,28.0,118.0,84.0,no data,4.0,32.0,63.0,104.0,287.0,37.0
2018-05-10 00:00:00,no data,no data,no data,317.0,64.0,no data,no data,no data,408.0,no data,1038.7452852302513,1549.0,4764.0,583.0,698.0,98.20237089449783,no data,224.0,61.0,118.0,634.0,22.0,94.0,93.0,no data,4.0,49.0,52.0,80.0,292.0,22.0
2018-05-11 00:00:00,no data,no data,no data,448.0,32.0,no data,no data,no data,446.0,no data,1049.6273786945683,1056.0,5392.0,798.0,843.0,120.0,no data,228.0,83.0,123.0,640.0,24.0,131.0,123.0,no data,4.0,36.0,60.0,109.0,364.0,33.0
2018-05-12 00:00:00,no data,no data,no data,304.0,56.0,no data,no data,no data,481.0,no data,1138.6626888571611,1697.0,4084.0,856.0,928.0,144.0,no data,247.0,70.0,103.0,697.0,21.0,119.0,90.0,no data,1.0,45.0,45.0,74.0,80.0,no data
2018-05-13 00:00:00,no data,no data,no data,250.0,47.0,no data,no data,no data,378.0,no data,1049.6273786945683,1016.0,3323.0,810.0,957.0,165.0,no data,166.0,72.0,130.0,640.0,23.0,99.0,82.0,no data,4.0,39.0,155.0,208.0,6.0,no data
2018-05-14 00:00:00,no data,no data,no data,337.0,47.0,no data,no data,no data,306.0,no data,1020.9382231977327,2115.0,4726.0,481.0,592.0,52.0,no data,234.0,68.0,121.0,627.0,21.0,68.0,104.0,no data,3.0,27.0,59.0,98.0,342.0,no data
2018-05-15 00:00:00,no data,no data,no data,378.0,55.0,no data,no data,no data,302.0,no data,963.5599122040616,2417.0,4932.0,510.0,642.0,62.0,no data,266.0,74.0,102.0,594.0,34.0,80.0,75.0,no data,5.0,35.0,74.0,113.0,348.0,no data
2018-05-16 00:00:00,no data,no data,no data,352.0,56.0,no data,no data,no data,419.0,no data,909.149444882477,1277.0,5292.0,614.0,705.0,71.0,no data,243.0,63.0,92.0,560.0,38.0,95.0,72.0,no data,2.0,45.0,86.0,177.0,337.0,no data
2018-05-17 00:00:00,no data,no data,no data,357.0,54.0,no data,no data,no data,474.0,no data,1038.7452852302513,1337.0,5235.0,654.0,740.0,76.0,no data,289.0,81.0,117.0,634.0,27.0,111.0,92.0,no data,8.0,30.0,77.0,146.0,355.0,no data
2018-05-18 00:00:00,no data,no data,no data,452.0,67.0,no data,no data,no data,525.0,no data,1049.6273786945683,1505.0,5298.0,848.0,951.0,165.0,no data,439.0,113.0,145.0,640.0,28.0,135.0,137.0,no data,9.0,36.0,168.0,174.0,290.0,no data
2018-05-19 00:00:00,no data,no data,no data,253.0,76.0,no data,no data,no data,685.0,no data,1138.6626888571611,592.0,4069.0,849.0,1018.0,238.0,no data,230.0,96.0,126.0,697.0,30.0,127.0,102.0,no data,10.0,39.0,161.0,199.0,233.0,no data
2018-05-20 00:00:00,no data,no data,no data,232.0,49.0,no data,no data,no data,501.0,no data,1049.6273786945683,645.0,3441.0,968.0,1117.0,305.0,no data,162.0,70.0,107.0,640.0,14.0,123.0,77.0,no data,5.0,22.0,309.0,385.0,215.0,no data
2018-05-21 00:00:00,no data,no data,no data,337.0,57.0,no data,no data,no data,658.0,no data,1020.9382231977327,786.0,3502.0,926.0,1151.0,371.0,no data,348.0,113.0,130.0,627.0,23.0,95.0,106.0,no data,12.0,43.0,163.0,201.0,169.0,no data
2018-05-22 00:00:00,no data,no data,no data,346.0,64.0,no data,no data,no data,523.0,no data,963.5599122040616,483.0,5163.0,654.0,784.0,81.0,no data,494.0,64.0,104.0,594.0,31.0,101.0,83.0,no data,10.0,22.0,63.0,93.0,299.0,no data
2018-05-23 00:00:00,no data,no data,no data,348.0,60.0,no data,no data,no data,451.0,no data,909.149444882477,510.0,5084.0,709.0,798.0,57.0,no data,259.0,68.0,90.0,560.0,27.0,97.0,101.0,no data,19.0,25.0,58.0,95.0,354.0,no data
2018-05-24 00:00:00,no data,no data,no data,361.0,27.0,no data,no data,no data,460.0,no data,1038.7452852302513,636.0,5215.0,763.0,951.0,65.0,no data,209.0,51.0,88.0,634.0,21.0,108.0,93.0,no data,11.0,24.0,63.0,91.0,359.0,no data
2018-05-25 00:00:00,no data,no data,no data,495.0,48.0,no data,no data,no data,399.0,no data,1049.6273786945683,848.0,5274.0,768.0,869.0,98.0,no data,251.0,77.0,97.0,640.0,23.0,96.0,108.0,no data,3.0,28.0,48.0,69.0,273.0,no data
2018-05-26 00:00:00,no data,no data,no data,286.0,60.0,no data,no data,no data,487.0,no data,1138.6626888571611,1445.0,4522.0,844.0,934.0,181.0,no data,172.0,70.0,76.0,697.0,25.0,103.0,87.0,no data,6.0,32.0,44.0,74.0,122.0,no data
2018-05-27 00:00:00,no data,no data,no data,287.0,49.0,no data,no data,no data,403.0,no data,1049.6273786945683,704.0,3624.0,860.0,976.0,226.0,no data,191.0,55.0,74.0,640.0,16.0,85.0,89.0,no data,2.0,45.0,61.0,98.0,127.0,no data
2018-05-28 00:00:00,no data,no data,no data,430.0,65.0,no data,no data,no data,358.0,no data,1020.9382231977327,656.0,4962.0,570.0,690.0,62.0,no data,346.0,58.0,108.0,627.0,17.0,85.0,75.0,no data,9.0,26.0,67.0,92.0,380.0,no data
2018-05-29 00:00:00,no data,no data,no data,420.0,48.0,no data,no data,no data,458.0,no data,963.5599122040616,746.0,5611.0,740.0,813.0,85.0,no data,683.0,60.0,104.0,594.0,30.0,166.0,90.0,no data,9.0,36.0,65.0,111.0,365.0,no data
2018-05-30 00:00:00,no data,no data,no data,499.0,42.0,no data,no data,no data,495.0,no data,909.149444882477,1312.0,7282.0,672.0,778.0,81.0,no data,125.0,56.0,100.0,560.0,31.0,121.0,80.0,no data,10.0,36.0,95.0,133.0,361.0,no data
2018-05-31 00:00:00,no data,no data,no data,398.0,43.0,no data,no data,no data,527.0,no data,1038.7452852302513,1638.0,7845.0,694.0,762.0,86.0,no data,101.0,68.0,108.0,634.0,25.0,115.0,68.0,no data,10.0,48.0,113.0,142.0,334.0,no data
2018-06-01 00:00:00,no data,no data,no data,407.0,50.0,no data,no data,no data,463.0,no data,1049.6273786945683,2813.0,7953.0,888.0,1076.0,155.0,no data,166.0,97.0,107.0,640.0,40.0,125.0,145.0,no data,12.0,89.0,202.0,220.0,414.0,23.0
2018-06-02 00:00:00,no data,no data,no data,327.0,33.0,no data,no data,no data,608.0,no data,1450.2862744262366,1706.0,6534.0,937.0,1109.0,236.0,no data,121.0,71.0,106.0,809.0,29.0,102.0,95.0,no data,39.0,99.0,256.0,242.0,271.0,42.0
2018-06-03 00:00:00,no data,no data,no data,292.0,39.0,no data,no data,no data,476.0,no data,1341.4653397830673,1763.0,4717.0,749.0,905.0,213.0,no data,60.0,67.0,108.0,749.0,13.0,77.0,63.0,no data,36.0,81.0,175.0,223.0,216.0,52.0
2018-06-04 00:00:00,no data,no data,no data,399.0,59.0,no data,no data,no data,501.0,no data,732.9848701174164,2027.0,6937.0,603.0,752.0,98.0,no data,124.0,105.0,100.0,726.0,30.0,79.0,101.0,no data,61.0,131.0,165.0,177.0,390.0,39.0
2018-06-05 00:00:00,no data,no data,no data,388.0,61.0,no data,no data,no data,465.0,no data,810.0,2544.0,7318.0,603.0,745.0,66.0,no data,83.0,73.0,103.0,690.0,19.0,96.0,95.0,no data,60.0,93.0,150.0,231.0,409.0,53.0
2018-06-06 00:00:00,no data,no data,no data,496.0,79.0,no data,no data,no data,634.0,no data,853.0,2586.0,7015.0,667.0,789.0,88.0,no data,128.0,112.0,152.0,646.0,32.0,116.0,83.0,no data,58.0,107.0,138.0,150.0,393.0,59.0
2018-06-07 00:00:00,no data,no data,no data,427.0,65.0,no data,no data,no data,572.0,no data,808.0,2102.0,7135.0,746.0,862.0,97.0,no data,139.0,90.0,101.0,740.0,34.0,141.0,62.0,no data,72.0,123.0,154.0,173.0,392.0,65.0
2018-06-08 00:00:00,no data,no data,no data,424.0,67.0,no data,no data,no data,699.0,no data,862.0,2116.0,7703.0,793.0,973.0,135.0,no data,167.0,113.0,147.0,749.0,40.0,152.0,112.0,no data,60.0,105.0,164.0,229.0,432.0,54.0
2018-06-09 00:00:00,no data,no data,no data,255.0,46.0,no data,no data,no data,539.0,no data,605.0,1879.0,6251.0,1040.0,1166.0,252.0,no data,59.0,61.0,84.0,809.0,14.0,106.0,68.0,no data,128.0,106.0,158.0,180.0,273.0,52.0
2018-06-10 00:00:00,no data,no data,no data,278.0,53.0,no data,no data,no data,408.0,no data,894.0,1044.0,4623.0,682.0,857.0,212.0,no data,71.0,71.0,87.0,749.0,17.0,81.0,56.0,no data,62.0,94.0,123.0,145.0,121.0,42.0
2018-06-11 00:00:00,no data,no data,no data,431.0,51.0,no data,no data,no data,396.0,no data,800.0,1487.0,7261.0,490.0,627.0,69.0,no data,207.0,85.0,110.0,726.0,48.0,108.0,80.0,no data,70.0,193.0,126.0,187.0,379.0,75.0
2018-06-12 00:00:00,no data,no data,no data,386.0,39.0,no data,no data,no data,395.0,no data,757.0,1916.0,7580.0,583.0,677.0,82.0,no data,265.0,50.0,90.0,690.0,61.0,113.0,81.0,no data,51.0,282.0,163.0,187.0,377.0,92.0
2018-06-13 00:00:00,no data,no data,no data,376.0,43.0,no data,no data,no data,425.0,no data,849.0,1323.0,7315.0,612.0,767.0,68.0,no data,247.0,69.0,130.0,646.0,59.0,178.0,104.0,no data,54.0,259.0,282.0,254.0,546.0,103.0
2018-06-14 00:00:00,no data,no data,no data,374.0,55.0,no data,no data,no data,431.0,no data,746.0,1163.0,7419.0,656.0,807.0,90.0,no data,173.0,82.0,136.0,740.0,40.0,121.0,99.0,no data,59.0,248.0,292.0,394.0,335.0,158.0
2018-06-15 00:00:00,no data,no data,no data,466.0,40.0,no data,no data,no data,546.0,no data,830.0,1204.0,8010.0,919.0,1026.0,151.0,no data,198.0,96.0,147.0,749.0,46.0,223.0,110.0,no data,91.0,218.0,417.0,263.0,351.0,108.0
2018-06-16 00:00:00,no data,no data,no data,292.0,26.0,no data,no data,no data,493.0,no data,555.0,1313.0,6321.0,1219.0,1321.0,256.0,no data,116.0,78.0,117.0,809.0,27.0,234.0,86.0,no data,61.0,116.0,258.0,226.0,306.0,105.0
2018-06-17 00:00:00,no data,no data,no data,326.0,40.0,no data,no data,no data,465.0,no data,688.0,773.0,5186.0,1201.0,1335.0,347.0,no data,47.0,88.0,118.0,749.0,13.0,207.0,85.0,no data,69.0,125.0,198.0,243.0,196.0,130.0
2018-06-18 00:00:00,no data,no data,no data,443.0,42.0,no data,no data,no data,450.0,no data,744.0,540.0,7230.0,839.0,921.0,122.0,no data,68.0,52.0,106.0,726.0,18.0,108.0,84.0,no data,87.0,238.0,198.0,220.0,321.0,92.0
2018-06-19 00:00:00,no data,no data,no data,430.0,44.0,no data,no data,no data,449.0,no data,780.0,561.0,7617.0,821.0,875.0,132.0,no data,147.0,64.0,134.0,690.0,34.0,141.0,138.0,no data,76.0,258.0,180.0,217.0,354.0,89.0
2018-06-20 00:00:00,no data,no data,no data,474.0,57.0,no data,no data,no data,552.0,no data,919.0,750.0,7857.0,1013.0,1071.0,200.0,no data,223.0,93.0,126.0,646.0,20.0,165.0,170.0,no data,101.0,255.0,248.0,284.0,409.0,75.0
2018-06-21 00:00:00,no data,no data,no data,421.0,32.0,no data,no data,no data,552.0,no data,626.0,591.0,5810.0,1307.0,1273.0,285.0,no data,225.0,83.0,135.0,740.0,22.0,73.0,88.0,no data,88.0,146.0,254.0,298.0,282.0,22.0
2018-06-22 00:00:00,no data,no data,no data,471.0,92.0,no data,no data,no data,480.0,no data,774.0,744.0,7847.0,995.0,1106.0,222.0,no data,241.0,89.0,149.0,749.0,23.0,178.0,100.0,no data,85.0,164.0,263.0,328.0,447.0,69.0
2018-06-23 00:00:00,no data,no data,no data,319.0,32.0,no data,no data,no data,405.0,no data,494.0,695.0,6016.0,747.0,921.0,205.0,no data,168.0,81.0,116.0,809.0,18.0,86.0,74.0,no data,90.0,138.0,219.0,247.0,213.0,33.0
2018-06-24 00:00:00,no data,no data,no data,340.0,56.0,no data,no data,no data,402.0,no data,678.0,569.0,5105.0,935.0,1107.0,326.0,no data,337.0,125.0,158.0,749.0,14.0,99.0,68.0,no data,105.0,136.0,203.0,237.0,196.0,12.0
2018-06-25 00:00:00,no data,no data,no data,397.0,42.0,no data,no data,no data,404.0,no data,793.0,625.0,6493.0,714.0,843.0,102.0,no data,264.0,52.0,106.0,726.0,23.0,166.0,87.0,no data,77.0,133.0,207.0,257.0,316.0,73.0
2018-06-26 00:00:00,no data,no data,no data,391.0,116.0,no data,no data,no data,389.0,no data,838.0,602.0,6610.0,568.0,769.0,78.0,no data,163.0,53.0,115.0,690.0,21.0,102.0,90.0,no data,58.0,160.0,209.0,257.0,385.0,118.0
2018-06-27 00:00:00,no data,no data,no data,455.0,99.0,no data,no data,no data,389.0,no data,892.0,710.0,7319.0,625.0,800.0,83.0,no data,212.0,70.0,138.0,646.0,43.0,110.0,112.0,no data,58.0,144.0,169.0,199.0,407.0,45.0
2018-06-28 00:00:00,no data,no data,no data,511.0,120.0,no data,no data,no data,425.0,no data,786.0,702.0,6989.0,716.0,830.0,107.0,no data,151.0,86.0,140.0,740.0,28.0,90.0,114.0,no data,81.0,166.0,149.0,226.0,330.0,31.0
2018-06-29 00:00:00,no data,no data,no data,625.0,79.0,no data,no data,no data,527.0,no data,860.0,744.0,7100.0,972.0,1109.0,228.0,no data,279.0,85.0,146.0,749.0,24.0,148.0,163.0,no data,87.0,189.0,210.0,299.0,266.0,90.0
2018-06-30 00:00:00,no data,no data,no data,386.0,58.0,no data,no data,no data,553.0,no data,657.0,639.0,5376.0,925.0,1107.0,275.0,no data,133.0,58.0,98.0,809.0,19.0,120.0,111.0,no data,79.0,149.0,236.0,250.0,239.0,106.0
2018-07-01 00:00:00,no data,no data,no data,371.0,38.0,no data,no data,no data,271.0,no data,622.0,511.0,4183.0,775.0,952.0,244.0,no data,91.0,58.0,92.0,749.0,13.0,88.0,78.0,no data,77.0,107.0,172.0,204.0,180.0,82.0
2018-07-02 00:00:00,no data,no data,no data,421.0,59.0,no data,no data,no data,492.0,no data,678.0,606.0,4716.0,924.0,1171.0,325.0,no data,142.0,75.0,98.0,761.0,14.0,112.0,70.0,no data,79.0,122.0,194.0,222.0,264.0,117.0
2018-07-03 00:00:00,no data,no data,no data,442.0,66.0,no data,no data,no data,469.0,no data,821.0,623.0,6412.0,688.0,800.0,118.0,no data,138.0,62.0,111.0,718.0,44.0,129.0,134.0,no data,64.0,124.0,186.0,213.0,401.0,91.0
2018-07-04 00:00:00,no data,no data,no data,489.0,88.0,no data,no data,no data,478.0,no data,784.0,579.0,6279.0,706.0,786.0,156.0,no data,154.0,69.0,144.0,673.0,33.0,120.0,160.0,no data,60.0,120.0,154.0,162.0,334.0,99.0
2018-07-05 00:00:00,no data,no data,no data,558.0,120.0,no data,no data,no data,518.0,no data,807.0,627.0,6232.0,756.0,839.0,113.0,no data,178.0,94.0,156.0,768.0,40.0,126.0,117.0,no data,72.0,169.0,159.0,163.0,334.0,112.0
2018-07-06 00:00:00,no data,no data,no data,515.0,87.0,no data,no data,no data,561.0,no data,771.0,682.0,6314.0,799.0,922.0,182.0,no data,232.0,77.0,148.0,780.0,45.0,127.0,110.0,no data,72.0,136.0,198.0,192.0,391.0,115.0
2018-07-07 00:00:00,no data,no data,no data,419.0,52.0,no data,no data,no data,469.0,no data,619.0,600.0,5152.0,893.0,1037.0,248.0,no data,171.0,64.0,95.0,844.0,18.0,105.0,82.0,no data,56.0,114.0,154.0,177.0,283.0,117.0
2018-07-08 00:00:00,no data,no data,no data,436.0,64.0,no data,no data,no data,444.0,no data,626.0,542.0,4564.0,1016.0,1197.0,324.0,no data,171.0,63.0,101.0,780.0,12.0,98.0,100.0,no data,69.0,112.0,144.0,179.0,153.0,81.0
2018-07-09 00:00:00,no data,no data,no data,479.0,65.0,no data,no data,no data,416.0,no data,855.0,531.0,6047.0,724.0,856.0,131.0,no data,181.0,62.0,113.0,761.0,41.0,167.0,114.0,no data,76.0,103.0,157.0,178.0,409.0,94.0
2018-07-10 00:00:00,no data,no data,no data,431.0,83.0,no data,no data,no data,453.0,no data,746.0,532.0,6111.0,731.0,821.0,117.0,no data,283.0,69.0,110.0,718.0,26.0,154.0,118.0,no data,85.0,87.0,144.0,185.0,425.0,100.0
2018-07-11 00:00:00,no data,no data,no data,475.0,70.0,no data,no data,no data,452.0,no data,725.0,588.0,6218.0,764.0,855.0,126.0,no data,187.0,65.0,103.0,673.0,38.0,188.0,93.0,no data,69.0,107.0,140.0,173.0,426.0,124.0
2018-07-12 00:00:00,no data,no data,no data,445.0,45.0,no data,no data,no data,437.0,no data,673.0,587.0,5938.0,611.0,748.0,100.0,no data,219.0,72.0,136.0,768.0,39.0,181.0,80.0,no data,75.0,143.0,156.0,181.0,412.0,112.0
2018-07-13 00:00:00,no data,no data,no data,481.0,85.0,no data,no data,no data,464.0,no data,724.0,887.0,6412.0,662.0,810.0,141.0,no data,256.0,86.0,127.0,780.0,33.0,168.0,129.0,no data,66.0,122.0,187.0,197.0,433.0,90.0
2018-07-14 00:00:00,no data,no data,no data,366.0,53.0,no data,no data,no data,431.0,no data,619.0,840.0,5287.0,741.0,885.0,206.0,no data,286.0,57.0,80.0,844.0,18.0,111.0,91.0,no data,102.0,126.0,193.0,217.0,300.0,117.0
2018-07-15 00:00:00,no data,no data,no data,338.0,54.0,no data,no data,no data,387.0,no data,578.0,521.0,4276.0,759.0,933.0,242.0,no data,132.0,53.0,91.0,780.0,14.0,85.0,89.0,no data,93.0,123.0,169.0,200.0,205.0,108.0
2018-07-16 00:00:00,no data,no data,no data,386.0,58.0,no data,no data,no data,477.0,no data,692.0,591.0,6167.0,634.0,777.0,122.0,no data,185.0,74.0,120.0,761.0,23.0,97.0,82.0,no data,113.0,124.0,169.0,195.0,434.0,35.0
2018-07-17 00:00:00,no data,no data,no data,449.0,103.0,no data,no data,no data,457.0,no data,656.0,587.0,6005.0,610.0,715.0,69.0,no data,227.0,74.0,115.0,718.0,45.0,94.0,105.0,no data,251.0,105.0,144.0,189.0,436.0,13.0
2018-07-18 00:00:00,no data,no data,no data,450.0,74.0,no data,no data,no data,425.0,no data,757.0,632.0,6228.0,725.0,840.0,127.0,no data,164.0,160.0,205.0,673.0,50.0,120.0,101.0,no data,219.0,120.0,135.0,191.0,410.0,14.0
2018-07-19 00:00:00,no data,no data,no data,493.0,79.0,no data,no data,no data,447.0,no data,690.0,654.0,6121.0,753.0,841.0,129.0,no data,201.0,217.0,129.0,768.0,48.0,87.0,106.0,no data,76.0,121.0,142.0,170.0,372.0,15.0
2018-07-20 00:00:00,no data,no data,no data,632.0,82.0,no data,no data,no data,530.0,no data,752.0,932.0,6819.0,1036.0,1162.0,248.0,no data,198.0,213.0,135.0,780.0,42.0,129.0,125.0,no data,56.0,111.0,167.0,205.0,378.0,50.0
2018-07-21 00:00:00,no data,no data,no data,348.0,103.0,no data,no data,no data,518.0,no data,498.0,851.0,5819.0,874.0,1068.0,258.0,no data,156.0,55.0,91.0,844.0,20.0,111.0,98.0,no data,56.0,122.0,180.0,182.0,252.0,90.0
2018-07-22 00:00:00,no data,no data,no data,657.0,76.0,no data,no data,no data,440.0,no data,584.0,716.0,4978.0,774.0,1001.0,320.0,no data,148.0,61.0,96.0,780.0,9.0,89.0,72.0,no data,90.0,124.0,170.0,207.0,190.0,33.0
2018-07-23 00:00:00,no data,no data,no data,493.0,106.0,no data,no data,no data,504.0,no data,661.0,628.0,6013.0,702.0,780.0,155.0,no data,163.0,150.0,107.0,761.0,26.0,104.0,104.0,no data,69.0,103.0,160.0,200.0,486.0,70.0
2018-07-24 00:00:00,no data,no data,no data,419.0,176.0,no data,no data,no data,421.0,no data,656.0,639.0,6119.0,680.0,757.0,112.0,no data,264.0,100.0,121.0,718.0,44.0,133.0,101.0,no data,68.0,106.0,163.0,208.0,447.0,79.0
2018-07-25 00:00:00,no data,no data,no data,602.0,91.0,no data,no data,no data,419.0,no data,670.0,592.0,5986.0,691.0,804.0,147.0,no data,265.0,76.0,117.0,673.0,34.0,120.0,107.0,no data,83.0,103.0,145.0,187.0,406.0,71.0
2018-07-26 00:00:00,no data,no data,no data,467.0,102.0,no data,no data,no data,406.0,no data,656.0,577.0,6097.0,801.0,933.0,166.0,no data,257.0,54.0,74.0,768.0,12.0,129.0,104.0,no data,63.0,124.0,147.0,227.0,369.0,74.0
2018-07-27 00:00:00,no data,no data,no data,528.0,101.0,no data,no data,no data,533.0,no data,669.0,740.0,6533.0,954.0,1147.0,243.0,no data,264.0,123.0,121.0,780.0,27.0,136.0,112.0,no data,60.0,150.0,185.0,230.0,291.0,139.0
2018-07-28 00:00:00,no data,no data,no data,297.0,65.0,no data,no data,no data,539.0,no data,478.0,604.0,5153.0,870.0,1041.0,196.0,no data,170.0,55.0,86.0,844.0,16.0,95.0,102.0,no data,77.0,125.0,132.0,168.0,266.0,129.0
2018-07-29 00:00:00,no data,no data,no data,367.0,82.0,no data,no data,no data,422.0,no data,639.0,586.0,4414.0,966.0,1219.0,368.0,no data,169.0,63.0,88.0,780.0,13.0,93.0,84.0,no data,72.0,111.0,148.0,205.0,183.0,60.0
2018-07-30 00:00:00,no data,no data,no data,430.0,140.0,no data,no data,no data,471.0,no data,659.0,633.0,5933.0,617.0,742.0,136.0,no data,137.0,60.0,98.0,761.0,25.0,120.0,149.0,no data,239.0,129.0,154.0,218.0,403.0,109.0
2018-07-31 00:00:00,no data,no data,no data,452.0,103.0,no data,no data,no data,414.0,no data,699.0,707.0,6036.0,666.0,747.0,116.0,no data,139.0,68.0,100.0,718.0,28.0,127.0,101.0,no data,102.0,133.0,164.0,237.0,347.0,102.0
2018-08-01 00:00:00,no data,no data,no data,471.0,123.0,no data,no data,no data,376.0,no data,763.0,732.0,6144.0,773.0,885.0,142.0,no data,132.0,86.0,96.0,673.0,36.0,124.0,103.0,no data,68.0,119.0,152.0,221.0,373.0,60.0
2018-08-02 00:00:00,no data,no data,no data,487.0,72.0,no data,no data,no data,511.0,no data,822.0,768.0,6069.0,757.0,848.0,105.0,no data,172.0,121.0,127.0,792.0,25.0,123.0,85.0,no data,67.0,133.0,144.0,193.0,324.0,81.0
2018-08-03 00:00:00,no data,no data,no data,525.0,36.0,no data,no data,no data,640.0,no data,868.0,883.0,6369.0,880.0,964.0,198.0,no data,217.0,139.0,146.0,805.0,23.0,153.0,156.0,no data,128.0,171.0,257.0,250.0,400.0,317.0
2018-08-04 00:00:00,no data,no data,no data,343.0,41.0,no data,no data,no data,722.0,no data,706.0,924.0,4647.0,989.0,1113.0,319.0,no data,144.0,92.0,126.0,871.0,14.0,93.0,78.0,no data,141.0,129.0,179.0,204.0,360.0,226.0
2018-08-05 00:00:00,no data,no data,no data,298.0,41.0,no data,no data,no data,616.0,no data,636.0,1182.0,3516.0,622.0,829.0,237.0,no data,115.0,73.0,107.0,805.0,12.0,90.0,68.0,no data,152.0,121.0,169.0,192.0,265.0,218.0
2018-08-06 00:00:00,no data,no data,no data,350.0,49.0,no data,no data,no data,621.0,no data,760.0,1472.0,4050.0,688.0,856.0,197.0,no data,206.0,112.0,150.0,782.0,23.0,112.0,95.0,no data,110.0,159.0,172.0,195.0,165.0,99.0
2018-08-07 00:00:00,no data,no data,no data,400.0,70.0,no data,no data,no data,458.0,no data,687.0,1195.0,6027.0,656.0,745.0,123.0,no data,168.0,90.0,116.0,741.0,34.0,114.0,128.0,no data,110.0,111.0,155.0,202.0,386.0,38.0
2018-08-08 00:00:00,no data,no data,no data,438.0,56.0,no data,no data,no data,481.0,no data,687.0,1091.0,5871.0,621.0,730.0,107.0,no data,186.0,95.0,100.0,693.0,25.0,121.0,162.0,no data,107.0,101.0,125.0,187.0,420.0,75.0
2018-08-09 00:00:00,no data,no data,no data,415.0,84.0,no data,no data,no data,556.0,no data,740.0,871.0,6031.0,762.0,877.0,147.0,no data,175.0,81.0,114.0,792.0,19.0,94.0,112.0,no data,108.0,144.0,176.0,228.0,408.0,87.0
2018-08-10 00:00:00,no data,no data,no data,462.0,59.0,no data,no data,no data,533.0,no data,744.0,1309.0,6175.0,703.0,828.0,138.0,no data,209.0,150.0,241.0,805.0,28.0,105.0,170.0,no data,107.0,148.0,189.0,256.0,412.0,164.0
2018-08-11 00:00:00,no data,no data,no data,342.0,66.0,no data,no data,no data,540.0,no data,655.0,2111.0,5262.0,911.0,1020.0,291.0,no data,173.0,81.0,280.0,871.0,27.0,107.0,72.0,no data,76.0,126.0,142.0,184.0,288.0,99.0
2018-08-12 00:00:00,no data,no data,no data,373.0,67.0,no data,no data,no data,437.0,no data,647.0,1825.0,4356.0,1048.0,1257.0,267.0,no data,103.0,71.0,259.0,805.0,14.0,73.0,123.0,no data,60.0,115.0,142.0,180.0,220.0,79.0
2018-08-13 00:00:00,no data,no data,no data,452.0,64.0,no data,no data,no data,534.0,no data,594.0,1167.0,5822.0,613.0,776.0,113.0,no data,167.0,99.0,253.0,782.0,21.0,114.0,110.0,no data,103.0,153.0,144.0,177.0,296.0,92.0
2018-08-14 00:00:00,no data,no data,no data,414.0,75.0,no data,no data,no data,424.0,no data,704.0,1476.0,6110.0,626.0,722.0,78.0,no data,172.0,59.0,239.0,741.0,21.0,131.0,115.0,no data,92.0,126.0,163.0,201.0,393.0,124.0
2018-08-15 00:00:00,no data,no data,no data,476.0,80.0,no data,no data,no data,435.0,no data,730.0,1625.0,6032.0,688.0,798.0,106.0,no data,175.0,73.0,221.0,693.0,20.0,110.0,115.0,no data,92.0,132.0,184.0,204.0,366.0,116.0
2018-08-16 00:00:00,no data,no data,no data,512.0,87.0,no data,no data,no data,476.0,no data,677.0,1711.0,6077.0,812.0,915.0,125.0,no data,181.0,88.0,256.0,792.0,28.0,107.0,107.0,no data,92.0,126.0,188.0,219.0,363.0,109.0
2018-08-17 00:00:00,no data,no data,no data,494.0,57.0,no data,no data,no data,496.0,no data,826.0,1536.0,6212.0,986.0,1126.0,193.0,no data,246.0,94.0,259.0,805.0,38.0,136.0,93.0,no data,120.0,140.0,191.0,195.0,414.0,117.0
2018-08-18 00:00:00,no data,no data,no data,379.0,36.0,no data,no data,no data,540.0,no data,589.0,1724.0,4833.0,996.0,1213.0,209.0,no data,184.0,81.0,280.0,871.0,20.0,107.0,105.0,no data,129.0,156.0,193.0,234.0,283.0,125.0
2018-08-19 00:00:00,no data,no data,no data,337.0,62.0,no data,no data,no data,489.0,no data,605.0,2980.0,3964.0,856.0,1143.0,282.0,no data,233.0,91.0,259.0,805.0,11.0,95.0,90.0,no data,104.0,164.0,171.0,203.0,201.0,129.0
2018-08-20 00:00:00,no data,no data,no data,434.0,54.0,no data,no data,no data,515.0,no data,773.0,1836.0,5694.0,725.0,875.0,127.0,no data,184.0,87.0,253.0,782.0,32.0,102.0,113.0,no data,74.0,152.0,168.0,212.0,378.0,122.0
2018-08-21 00:00:00,no data,no data,no data,395.0,79.0,no data,no data,no data,459.0,no data,693.0,1494.0,6019.0,693.0,816.0,91.0,no data,193.0,65.0,239.0,741.0,31.0,99.0,142.0,no data,57.0,92.0,150.0,192.0,368.0,106.0
2018-08-22 00:00:00,no data,no data,no data,413.0,59.0,no data,no data,no data,431.0,no data,693.0,2101.0,5773.0,678.0,773.0,100.0,no data,238.0,98.0,221.0,693.0,31.0,134.0,122.0,no data,81.0,153.0,156.0,223.0,358.0,83.0
2018-08-23 00:00:00,no data,no data,no data,419.0,90.0,no data,no data,no data,468.0,no data,790.0,3149.0,5605.0,725.0,835.0,132.0,no data,254.0,101.0,256.0,792.0,25.0,130.0,119.0,no data,72.0,119.0,175.0,239.0,372.0,90.0
2018-08-24 00:00:00,no data,no data,no data,510.0,53.0,no data,no data,no data,509.0,no data,815.0,2878.0,6043.0,871.0,1012.0,227.0,no data,270.0,91.0,259.0,805.0,22.0,159.0,186.0,no data,42.0,98.0,157.0,174.0,354.0,121.0
2018-08-25 00:00:00,no data,no data,no data,293.0,59.0,no data,no data,no data,477.0,no data,627.0,2750.0,4830.0,1064.0,1091.0,258.0,no data,172.0,66.0,280.0,871.0,17.0,119.0,99.0,no data,77.0,127.0,203.0,232.0,290.0,87.0
2018-08-26 00:00:00,no data,no data,no data,325.0,73.0,no data,no data,no data,449.0,no data,670.0,2473.0,3982.0,858.0,1009.0,279.0,no data,182.0,110.0,259.0,805.0,15.0,100.0,88.0,no data,93.0,138.0,167.0,183.0,198.0,85.0
2018-08-27 00:00:00,no data,no data,no data,373.0,104.0,no data,no data,no data,456.0,no data,723.0,3350.0,5842.0,693.0,834.0,119.0,no data,235.0,100.0,253.0,782.0,30.0,114.0,94.0,no data,52.0,110.0,128.0,151.0,402.0,99.0
2018-08-28 00:00:00,no data,no data,no data,403.0,104.0,no data,no data,no data,449.0,no data,770.0,113.0,6038.0,835.0,857.0,129.0,no data,243.0,86.0,239.0,741.0,30.0,110.0,71.0,no data,43.0,109.0,111.0,118.0,351.0,87.0
2018-08-29 00:00:00,no data,no data,no data,392.0,50.0,no data,no data,no data,466.0,no data,877.0,no data,5839.0,717.0,866.0,118.0,no data,237.0,95.0,221.0,693.0,34.0,115.0,92.0,no data,119.0,164.0,190.0,236.0,342.0,89.0
2018-08-30 00:00:00,no data,no data,no data,393.0,58.0,no data,no data,no data,491.0,no data,856.0,no data,5790.0,779.0,885.0,164.0,no data,233.0,96.0,256.0,792.0,25.0,103.0,91.0,no data,83.0,148.0,168.0,218.0,367.0,98.0
2018-08-31 00:00:00,no data,no data,no data,358.0,58.0,no data,no data,no data,512.0,no data,885.0,no data,6138.0,882.0,999.0,177.0,no data,266.0,109.0,259.0,805.0,30.0,145.0,117.0,no data,78.0,128.0,169.0,190.0,368.0,104.0
2018-09-01 00:00:00,no data,no data,no data,246.0,99.0,no data,no data,no data,440.0,no data,594.0,no data,4737.0,875.0,956.0,211.0,no data,175.0,94.0,280.0,871.0,20.0,118.0,99.0,no data,80.0,139.0,145.0,167.0,251.0,94.0
2018-09-02 00:00:00,no data,no data,no data,290.0,76.0,no data,no data,no data,456.0,no data,658.0,no data,4218.0,1203.0,1419.0,414.0,no data,199.0,84.0,214.0,685.0,12.0,113.0,88.0,no data,99.0,105.0,128.0,142.0,187.0,67.0
2018-09-03 00:00:00,no data,no data,no data,256.0,59.0,no data,no data,no data,532.0,no data,722.0,no data,3992.0,744.0,948.0,282.0,no data,227.0,111.0,211.0,667.0,15.0,128.0,86.0,no data,67.0,104.0,135.0,170.0,213.0,61.0
2018-09-04 00:00:00,no data,no data,no data,355.0,46.0,no data,no data,no data,395.0,no data,825.0,no data,5971.0,676.0,820.0,87.0,no data,176.0,66.0,200.0,627.0,22.0,98.0,108.0,no data,72.0,127.0,141.0,167.0,394.0,65.0
2018-09-05 00:00:00,no data,no data,no data,349.0,60.0,no data,no data,no data,421.0,no data,865.0,no data,6099.0,685.0,810.0,93.0,no data,174.0,96.0,188.0,594.0,32.0,114.0,110.0,no data,68.0,92.0,111.0,157.0,376.0,71.0
2018-09-06 00:00:00,no data,no data,no data,335.0,83.0,no data,no data,no data,384.0,no data,788.0,no data,6064.0,704.0,806.0,86.0,no data,218.0,80.0,214.0,672.0,25.0,119.0,106.0,no data,49.0,102.0,129.0,148.0,334.0,61.0
2018-09-07 00:00:00,no data,no data,no data,380.0,64.0,no data,no data,no data,433.0,no data,877.0,no data,6561.0,803.0,904.0,145.0,no data,234.0,87.0,214.0,685.0,42.0,136.0,130.0,no data,49.0,113.0,194.0,177.0,414.0,110.0
2018-09-08 00:00:00,no data,no data,no data,331.0,0.0,no data,no data,no data,384.0,no data,655.0,no data,4885.0,942.0,1104.0,255.0,no data,164.0,81.0,239.0,744.0,22.0,101.0,115.0,no data,48.0,99.0,175.0,196.0,330.0,147.0
2018-09-09 00:00:00,no data,no data,no data,309.0,no data,no data,no data,no data,409.0,no data,722.0,no data,4231.0,1035.0,1190.0,344.0,no data,193.0,76.0,214.0,685.0,17.0,95.0,89.0,no data,86.0,99.0,162.0,181.0,218.0,62.0
2018-09-10 00:00:00,no data,no data,no data,356.0,no data,no data,no data,no data,447.0,no data,839.0,no data,5680.0,668.0,760.0,87.0,no data,158.0,65.0,211.0,667.0,30.0,116.0,167.0,no data,68.0,99.0,144.0,160.0,372.0,60.0
2018-09-11 00:00:00,no data,no data,no data,354.0,no data,no data,no data,no data,453.0,no data,785.0,no data,6091.0,805.0,894.0,93.0,no data,202.0,77.0,200.0,627.0,37.0,136.0,90.0,no data,60.0,82.0,129.0,156.0,401.0,55.0
2018-09-12 00:00:00,no data,no data,no data,381.0,no data,no data,no data,no data,385.0,no data,871.0,no data,5809.0,714.0,830.0,76.0,no data,211.0,87.0,188.0,594.0,23.0,104.0,163.0,no data,45.0,96.0,120.0,149.0,386.0,100.0
2018-09-13 00:00:00,no data,no data,no data,387.0,no data,no data,no data,no data,424.0,no data,815.0,no data,6086.0,779.0,955.0,98.0,no data,228.0,74.0,214.0,672.0,27.0,135.0,97.0,no data,45.0,113.0,147.0,168.0,373.0,87.0
2018-09-14 00:00:00,no data,no data,no data,424.0,no data,no data,no data,no data,468.0,no data,915.0,no data,6329.0,832.0,954.0,107.0,no data,240.0,95.0,214.0,685.0,37.0,116.0,104.0,no data,50.0,105.0,207.0,221.0,442.0,80.0
2018-09-15 00:00:00,no data,no data,no data,324.0,no data,no data,no data,no data,397.0,no data,703.0,no data,5064.0,975.0,1108.0,257.0,no data,189.0,80.0,239.0,744.0,26.0,129.0,126.0,no data,52.0,99.0,172.0,202.0,277.0,89.0
2018-09-16 00:00:00,no data,no data,no data,346.0,no data,no data,no data,no data,355.0,no data,645.0,no data,4204.0,965.0,1178.0,261.0,no data,180.0,88.0,214.0,685.0,22.0,126.0,105.0,no data,67.0,95.0,140.0,164.0,175.0,102.0
2018-09-17 00:00:00,no data,no data,no data,364.0,no data,no data,no data,no data,360.0,no data,816.0,no data,6000.0,757.0,915.0,113.0,no data,204.0,60.0,211.0,667.0,33.0,126.0,95.0,no data,49.0,99.0,138.0,184.0,442.0,69.0
2018-09-18 00:00:00,no data,no data,no data,362.0,no data,no data,no data,no data,409.0,no data,798.0,no data,5430.0,714.0,853.0,74.0,no data,219.0,65.0,200.0,627.0,28.0,116.0,110.0,no data,29.0,106.0,147.0,179.0,485.0,84.0
2018-09-19 00:00:00,no data,no data,no data,365.0,no data,no data,no data,no data,405.0,no data,821.0,no data,5716.0,686.0,809.0,71.0,no data,195.0,70.0,188.0,594.0,29.0,144.0,79.0,no data,31.0,89.0,116.0,126.0,447.0,52.0
2018-09-20 00:00:00,no data,no data,no data,367.0,no data,no data,no data,no data,441.0,no data,835.0,no data,5729.0,661.0,820.0,86.0,no data,177.0,72.0,214.0,672.0,32.0,93.0,110.0,no data,40.0,97.0,116.0,138.0,437.0,102.0
2018-09-21 00:00:00,no data,no data,no data,377.0,no data,no data,no data,no data,512.0,no data,872.0,no data,6333.0,862.0,972.0,104.0,no data,250.0,89.0,214.0,685.0,39.0,159.0,173.0,no data,30.0,148.0,160.0,184.0,432.0,72.0
2018-09-22 00:00:00,no data,no data,no data,338.0,no data,no data,no data,no data,462.0,no data,779.0,no data,5102.0,1035.0,1169.0,234.0,no data,186.0,100.0,239.0,744.0,23.0,114.0,124.0,no data,39.0,102.0,131.0,156.0,285.0,73.0
2018-09-23 00:00:00,no data,no data,no data,335.0,no data,no data,no data,no data,447.0,no data,748.0,no data,4111.0,838.0,1001.0,216.0,no data,221.0,124.0,214.0,685.0,40.0,115.0,76.0,no data,61.0,109.0,127.0,145.0,219.0,47.0
2018-09-24 00:00:00,no data,no data,no data,410.0,no data,no data,no data,no data,397.0,no data,806.0,no data,5801.0,725.0,889.0,147.0,no data,276.0,88.0,211.0,667.0,31.0,116.0,105.0,no data,35.0,113.0,115.0,127.0,333.0,48.0
2018-09-25 00:00:00,no data,no data,no data,416.0,no data,no data,no data,no data,424.0,no data,811.0,no data,5962.0,689.0,800.0,85.0,no data,256.0,74.0,200.0,627.0,33.0,112.0,108.0,no data,35.0,102.0,98.0,119.0,415.0,95.0
2018-09-26 00:00:00,no data,no data,no data,341.0,no data,no data,no data,no data,447.0,no data,863.0,no data,5636.0,656.0,769.0,71.0,no data,212.0,65.0,188.0,594.0,46.0,107.0,100.0,no data,34.0,99.0,123.0,143.0,419.0,81.0
2018-09-27 00:00:00,no data,no data,no data,351.0,no data,no data,no data,no data,431.0,no data,896.0,no data,5635.0,693.0,815.0,75.0,no data,195.0,64.0,214.0,672.0,36.0,120.0,90.0,no data,33.0,119.0,104.0,112.0,392.0,65.0
2018-09-28 00:00:00,no data,no data,no data,366.0,no data,no data,no data,no data,513.0,no data,830.0,no data,5969.0,739.0,908.0,80.0,no data,251.0,88.0,214.0,685.0,51.0,140.0,100.0,no data,41.0,150.0,153.0,180.0,408.0,84.0
2018-09-29 00:00:00,no data,no data,no data,294.0,no data,no data,no data,no data,426.0,no data,695.0,no data,4817.0,840.0,1008.0,135.0,no data,170.0,85.0,239.0,744.0,32.0,119.0,105.0,no data,44.0,120.0,143.0,187.0,318.0,91.0
2018-09-30 00:00:00,no data,no data,no data,264.0,no data,no data,no data,no data,371.0,no data,672.0,no data,4115.0,679.0,839.0,172.0,no data,138.0,69.0,214.0,685.0,14.0,105.0,84.0,no data,43.0,114.0,152.0,158.0,156.0,55.0
2018-10-01 00:00:00,no data,no data,no data,312.0,no data,no data,no data,no data,330.0,no data,842.0,no data,5881.0,734.0,887.0,86.0,no data,225.0,67.0,211.0,667.0,48.0,110.0,94.0,no data,36.0,91.0,100.0,115.0,410.0,92.0
2018-10-02 00:00:00,no data,no data,no data,318.0,no data,no data,no data,no data,409.0,no data,788.0,no data,5641.0,613.0,735.0,86.0,no data,216.0,56.0,150.0,500.0,32.0,101.0,104.0,no data,32.0,103.0,107.0,113.0,439.0,75.0
2018-10-03 00:00:00,no data,no data,no data,302.0,no data,no data,no data,no data,427.0,no data,852.0,no data,5578.0,632.0,757.0,154.0,no data,193.0,85.0,139.0,471.0,77.0,79.0,86.0,no data,26.0,191.0,89.0,99.0,564.0,60.0
2018-10-04 00:00:00,no data,no data,no data,312.0,no data,no data,no data,no data,416.0,no data,841.0,no data,5620.0,690.0,838.0,113.0,no data,136.0,87.0,161.0,540.0,41.0,88.0,102.0,no data,31.0,213.0,113.0,133.0,517.0,61.0
2018-10-05 00:00:00,no data,no data,no data,396.0,no data,no data,no data,no data,478.0,no data,798.0,no data,5905.0,727.0,890.0,81.0,no data,225.0,109.0,164.0,543.0,36.0,154.0,131.0,no data,32.0,799.0,183.0,204.0,529.0,61.0
2018-10-06 00:00:00,no data,no data,no data,221.0,no data,no data,no data,no data,478.0,no data,692.0,no data,4428.0,765.0,858.0,110.0,no data,138.0,75.0,183.0,596.0,25.0,108.0,92.0,no data,42.0,187.0,175.0,194.0,412.0,61.0
2018-10-07 00:00:00,no data,no data,no data,249.0,no data,no data,no data,no data,328.0,no data,584.0,no data,3516.0,864.0,974.0,162.0,no data,85.0,50.0,164.0,543.0,17.0,94.0,66.0,no data,42.0,197.0,65.0,78.0,126.0,61.0
2018-10-08 00:00:00,no data,no data,no data,230.0,no data,no data,no data,no data,443.0,no data,762.0,no data,2453.0,615.0,661.0,187.0,no data,134.0,87.0,156.0,534.0,23.0,92.0,70.0,no data,37.0,5696.0,114.0,128.0,197.0,61.0
2018-10-09 00:00:00,no data,no data,no data,324.0,no data,no data,no data,no data,401.0,no data,799.0,62.0,309.0,85.0,90.0,76.0,no data,150.0,62.0,150.0,500.0,36.0,92.0,95.0,no data,25.0,10168.0,86.0,94.0,466.0,61.0
2018-10-10 00:00:00,no data,no data,no data,309.0,no data,no data,no data,no data,396.0,no data,803.0,606.5,5325.0,661.0,808.0,56.0,no data,157.0,76.0,139.0,471.0,39.0,92.0,90.0,no data,25.0,203.0,99.0,115.0,530.0,61.0
2018-10-11 00:00:00,no data,no data,no data,337.0,no data,no data,no data,no data,394.0,no data,752.0,667.5,5179.0,675.0,833.0,55.0,no data,167.0,61.0,161.0,540.0,39.0,95.0,82.0,no data,30.0,210.0,98.0,108.0,389.0,61.0
2018-10-12 00:00:00,no data,no data,no data,329.0,no data,no data,no data,no data,347.0,no data,819.0,522.0,5664.0,793.0,937.0,51.0,no data,147.0,67.0,164.0,543.0,44.0,97.0,81.0,no data,37.0,231.0,124.0,143.0,394.0,61.0
2018-10-13 00:00:00,no data,no data,no data,252.0,no data,no data,no data,no data,369.0,no data,642.0,625.5,4524.0,753.0,852.0,111.0,no data,127.0,57.0,183.0,596.0,38.0,99.0,80.0,no data,55.0,6114.0,145.0,165.0,243.0,61.0
2018-10-14 00:00:00,no data,no data,no data,277.0,no data,no data,no data,no data,314.0,no data,544.0,415.5,3424.0,600.0,739.0,111.0,no data,93.0,55.0,164.0,543.0,19.0,88.0,72.0,no data,54.0,209.0,89.0,98.0,171.0,61.0
2018-10-15 00:00:00,no data,no data,no data,263.0,no data,no data,no data,no data,333.0,no data,655.0,369.5,4922.0,567.0,664.0,52.0,no data,114.0,40.0,156.0,534.0,21.0,83.0,84.0,no data,30.0,209.0,94.0,109.0,360.0,61.0
2018-10-16 00:00:00,no data,no data,no data,221.0,no data,no data,no data,no data,344.0,no data,763.0,677.0,4979.0,547.0,698.0,31.0,no data,97.0,43.0,150.0,500.0,34.0,75.0,83.0,no data,38.0,192.0,85.0,95.0,337.0,61.0
2018-10-17 00:00:00,no data,no data,no data,230.0,no data,no data,no data,no data,317.0,no data,770.0,610.0,4960.0,564.0,698.0,40.0,no data,109.0,35.0,139.0,471.0,41.0,90.0,58.0,no data,37.0,176.0,97.0,113.0,369.0,61.0
2018-10-18 00:00:00,no data,no data,no data,249.0,no data,no data,no data,no data,387.0,no data,749.0,693.0,4865.0,573.0,704.0,35.0,no data,140.0,56.0,161.0,540.0,27.0,119.0,77.0,no data,40.0,200.0,109.0,264.0,341.0,61.0
2018-10-19 00:00:00,no data,no data,no data,311.0,no data,no data,no data,no data,439.0,no data,706.0,535.5,5215.0,613.0,765.0,54.0,no data,171.0,94.0,164.0,543.0,43.0,135.0,95.0,no data,26.0,187.0,97.0,734.0,272.0,61.0
2018-10-20 00:00:00,no data,no data,no data,192.0,no data,no data,no data,no data,346.0,no data,583.0,445.0,3905.0,589.0,660.0,109.0,no data,92.0,63.0,183.0,596.0,27.0,102.0,93.0,no data,35.0,84.0,80.0,464.0,206.0,61.0
2018-10-21 00:00:00,no data,no data,no data,177.0,no data,no data,no data,no data,320.0,no data,600.0,612.0,3031.0,512.0,659.0,77.0,no data,121.0,71.0,164.0,543.0,31.0,101.0,70.0,no data,41.0,168.0,101.0,495.0,67.0,61.0
2018-10-22 00:00:00,no data,no data,no data,219.0,no data,no data,no data,no data,290.0,no data,424.0,705.0,4492.0,502.0,673.0,30.0,no data,129.0,54.0,156.0,534.0,27.0,94.0,80.0,no data,46.0,171.0,69.0,594.0,428.0,54.0
2018-10-23 00:00:00,no data,no data,no data,245.0,no data,no data,no data,no data,313.0,40.0,175.0,742.0,4820.0,527.0,653.0,28.0,no data,112.0,39.0,150.0,500.0,37.0,99.0,72.0,no data,33.0,167.0,78.0,612.0,273.0,83.0
2018-10-24 00:00:00,no data,no data,no data,232.0,no data,no data,no data,no data,311.0,227.0,751.0,774.5,4770.0,545.0,720.0,43.0,no data,119.0,69.0,139.0,471.0,34.0,101.0,87.0,no data,36.0,180.0,79.0,732.0,659.0,79.0
2018-10-25 00:00:00,no data,no data,no data,276.0,no data,no data,no data,no data,333.0,1535.0,786.0,670.0,4801.0,506.0,655.0,30.0,no data,124.0,53.0,161.0,540.0,39.0,99.0,66.0,no data,28.0,190.0,67.0,631.0,166.0,80.0
2018-10-26 00:00:00,no data,no data,no data,309.0,no data,no data,no data,no data,387.0,1422.0,771.0,659.5,5008.0,591.0,760.0,41.0,no data,133.0,77.0,164.0,543.0,54.0,124.0,109.0,no data,38.0,179.0,82.0,608.0,1489.0,57.0
2018-10-27 00:00:00,no data,no data,no data,162.0,no data,no data,no data,no data,364.0,212.0,601.0,717.0,3903.0,509.0,619.0,72.0,no data,108.0,62.0,183.0,596.0,37.0,96.0,91.0,no data,29.0,170.0,71.0,440.0,798.0,38.0
2018-10-28 00:00:00,no data,no data,no data,198.0,no data,no data,no data,no data,351.0,175.0,761.0,626.0,3102.0,476.0,596.0,61.0,no data,77.0,48.0,164.0,543.0,15.0,73.0,56.0,no data,26.0,150.0,81.0,408.0,612.0,23.0
2018-10-29 00:00:00,no data,no data,0.0,273.0,0.0,no data,no data,no data,308.0,170.0,614.0,910.0,4712.0,518.0,651.0,50.0,no data,105.0,62.0,156.0,534.0,39.0,85.0,72.0,no data,22.0,152.0,61.0,569.0,1164.0,29.0
2018-10-30 00:00:00,no data,no data,20.0,164.0,17.0,no data,no data,no data,300.0,177.0,678.0,841.5,4749.0,496.0,662.0,54.0,no data,116.0,56.0,150.0,500.0,40.0,72.0,80.0,no data,20.0,146.0,68.0,546.0,1160.0,37.0
2018-10-31 00:00:00,no data,no data,104.0,190.0,43.0,no data,no data,no data,293.0,151.0,819.0,787.5,4290.0,387.0,576.0,29.0,no data,98.0,47.0,139.0,471.0,37.0,63.0,67.0,no data,6.0,94.0,50.0,565.0,1255.0,20.0
2018-11-01 00:00:00,no data,no data,16.0,178.0,24.0,no data,no data,no data,259.0,223.0,736.0,733.0,4464.0,427.0,601.0,25.0,no data,124.0,67.0,161.0,540.0,39.0,64.0,50.0,19.0,8.0,36.0,23.0,549.0,1077.0,37.0
2018-11-02 00:00:00,no data,no data,24.0,199.0,96.0,no data,no data,no data,348.0,225.0,671.0,771.0,4499.0,416.0,604.0,9.0,no data,195.0,83.0,134.0,456.0,40.0,119.0,96.0,10.0,14.0,24.0,23.0,527.0,961.0,42.0
2018-11-03 00:00:00,no data,no data,8.0,113.0,45.0,no data,no data,no data,294.0,164.0,678.0,655.0,3627.0,400.0,549.0,53.0,no data,115.0,92.0,149.0,497.0,29.0,74.0,54.0,4.0,16.0,30.0,29.0,347.0,623.0,37.0
2018-11-04 00:00:00,no data,no data,7.0,137.0,39.0,no data,no data,no data,253.0,143.0,653.0,795.5,3051.0,450.0,576.0,60.0,no data,65.0,39.0,134.0,456.0,15.0,46.0,41.0,6.0,13.0,20.0,32.0,307.0,461.0,23.0
2018-11-05 00:00:00,no data,no data,17.0,231.0,31.0,no data,no data,no data,278.0,175.0,730.0,904.0,4666.0,476.0,615.0,34.0,no data,103.0,62.0,130.0,446.0,21.0,67.0,63.0,6.0,9.0,35.0,9.0,524.0,982.0,56.0
2018-11-06 00:00:00,no data,no data,4.0,229.0,28.0,no data,no data,no data,288.0,178.0,728.0,997.5,4681.0,493.0,611.0,34.0,no data,738.0,121.0,122.0,423.0,114.0,73.0,85.0,3.0,12.0,23.0,14.0,451.0,870.0,27.0
2018-11-07 00:00:00,no data,no data,14.0,211.0,32.0,no data,no data,no data,336.0,194.0,684.0,956.5,4619.0,482.0,641.0,25.0,no data,121.0,150.0,116.0,4482.0,3062.0,140.0,50.0,11.0,6.0,26.0,14.0,487.0,1011.0,32.0
2018-11-08 00:00:00,no data,145.53366583541145,14.0,235.0,30.0,182.1645885286783,477.1920199501247,596.9850374064838,329.0,239.0,824.0,925.0,4581.0,407.0,573.0,24.0,no data,72.0,140.0,131.0,2389.0,1524.0,138.0,70.0,4.0,1.0,28.0,11.0,470.0,970.0,45.0
2018-11-09 00:00:00,250.47630922693264,469.2718204488778,17.0,232.0,31.0,588.074812967581,1548.3990024937655,1922.6284289276807,382.0,236.0,690.0,1005.0,5015.0,526.0,662.0,23.0,45.0,104.0,229.0,134.0,3324.0,2030.0,300.0,73.0,52.0,6.0,35.0,30.0,566.0,1069.0,55.0
2018-11-10 00:00:00,434.6209476309227,507.8827930174563,15.0,186.0,34.0,631.6359102244389,1677.1022443890274,2086.9725685785534,352.0,174.0,754.0,925.5,3703.0,542.0,675.0,105.0,75.0,67.0,61.0,149.0,497.0,12.0,184.0,61.0,65.33333333333333,8.0,36.0,29.0,300.0,646.0,48.0
2018-11-11 00:00:00,399.97007481296754,469.2718204488778,8.0,171.0,21.0,588.074812967581,1548.3990024937655,1922.6284289276807,276.0,162.0,818.0,938.5,2948.0,512.0,586.0,97.0,13.0,67.0,30.0,134.0,456.0,4.0,86.0,48.0,62.666666666666664,7.0,30.0,31.0,266.0,473.0,30.0
2018-11-12 00:00:00,395.01995012468825,455.4114713216957,19.0,200.0,30.0,572.2344139650872,1500.8778054862842,1873.1271820448876,263.0,196.0,764.0,923.0,3231.0,543.0,620.0,114.0,63.0,67.0,55.0,130.0,446.0,2.0,140.0,48.0,62.666666666666664,5.0,40.0,19.0,410.0,677.0,33.0
2018-11-13 00:00:00,370.26932668329175,430.66084788029923,12.0,209.0,16.0,537.5835411471321,1420.6857855361595,1768.1845386533666,298.0,172.0,667.0,966.5,4902.0,438.0,598.0,32.0,65.0,79.0,74.0,122.0,423.0,0.0,170.0,55.0,58.666666666666664,0.0,26.0,26.0,463.0,969.0,42.0
2018-11-14 00:00:00,349.4788029925187,405.91022443890273,15.0,190.0,17.0,505.90274314214463,1341.4837905236907,1672.152119700748,305.0,219.0,744.0,914.0,4649.0,459.0,609.0,38.0,91.0,81.0,106.0,116.0,392.0,4.0,159.0,64.0,53.33333333333333,15.0,25.0,29.0,419.0,919.0,38.0
2018-11-15 00:00:00,397.0,462.34164588528677,15.0,211.0,10.0,581.14463840399,1521.6683291770573,1897.8778054862842,328.0,189.0,808.0,980.5,4768.0,490.0,613.0,26.0,67.0,175.0,169.0,131.0,452.0,0.0,275.0,42.0,62.666666666666664,31.0,25.0,34.0,399.0,953.0,39.0
2018-11-16 00:00:00,399.97007481296754,469.2718204488778,25.0,221.0,15.0,588.074812967581,1548.3990024937655,1922.6284289276807,342.0,228.0,750.0,936.5,4932.0,554.0,686.0,34.0,78.0,153.0,190.0,134.0,456.0,74.0,282.0,42.0,62.666666666666664,20.0,28.0,32.0,454.0,943.0,49.0
2018-11-17 00:00:00,434.6209476309227,507.8827930174563,12.0,183.0,21.0,631.6359102244389,1677.1022443890274,2086.9725685785534,381.0,198.0,680.0,684.5,3760.0,526.0,630.0,67.0,72.0,151.0,45.0,149.0,497.0,2.0,89.0,35.0,65.33333333333333,14.0,32.0,55.0,305.0,615.0,52.0
2018-11-18 00:00:00,399.97007481296754,469.2718204488778,16.0,229.0,21.0,588.074812967581,1548.3990024937655,1922.6284289276807,290.0,178.0,729.0,795.0,3092.0,431.0,540.0,72.0,70.0,290.0,12.0,134.0,456.0,3.0,51.0,25.0,62.666666666666664,27.0,32.0,52.0,364.0,576.0,28.0
2018-11-19 00:00:00,395.01995012468825,455.4114713216957,21.0,225.0,13.0,572.2344139650872,1500.8778054862842,1873.1271820448876,315.0,184.0,769.0,994.5,4742.0,475.0,627.0,33.0,48.0,231.0,115.0,130.0,446.0,46.0,110.0,54.0,62.666666666666664,10.0,21.0,48.0,462.0,934.0,43.0
2018-11-20 00:00:00,370.26932668329175,430.66084788029923,9.0,228.0,13.0,537.5835411471321,1420.6857855361595,1768.1845386533666,305.0,196.0,777.0,984.0,4905.0,489.0,645.0,38.0,110.0,32.0,145.0,122.0,423.0,88.0,91.0,69.0,58.666666666666664,12.0,34.0,37.0,459.0,891.0,35.0
2018-11-21 00:00:00,349.4788029925187,405.91022443890273,19.0,296.0,13.0,505.90274314214463,1341.4837905236907,1672.152119700748,330.0,252.0,758.0,1012.0,4696.0,471.0,640.0,39.0,85.0,26.0,103.0,116.0,392.0,53.0,86.0,63.0,53.33333333333333,23.0,30.0,32.0,445.0,944.0,25.0
2018-11-22 00:00:00,397.0,462.34164588528677,19.0,383.0,12.0,581.14463840399,1521.6683291770573,1897.8778054862842,351.0,238.0,764.0,977.0,4936.0,501.0,656.0,38.0,83.0,18.0,52.0,131.0,452.0,52.0,61.0,39.0,62.666666666666664,16.0,42.0,39.0,451.0,896.0,34.0
2018-11-23 00:00:00,399.97007481296754,469.2718204488778,37.0,297.0,17.0,588.074812967581,1548.3990024937655,1922.6284289276807,358.0,243.0,582.0,886.5,5175.0,530.0,694.0,46.0,86.0,57.0,163.0,134.0,456.0,37.0,141.0,65.0,42.666666666666664,11.0,42.0,41.0,520.0,1017.0,47.0
2018-11-24 00:00:00,434.6209476309227,507.8827930174563,22.0,151.0,18.0,631.6359102244389,1677.1022443890274,2086.9725685785534,313.0,194.0,783.0,961.0,4208.0,560.0,686.0,49.0,64.0,16.0,32.0,149.0,497.0,4.0,34.0,50.0,6.0,11.0,27.0,45.0,312.0,633.0,38.0
2018-11-25 00:00:00,399.97007481296754,469.2718204488778,27.0,192.0,27.0,588.074812967581,1548.3990024937655,1922.6284289276807,290.0,188.0,736.0,1000.5,3053.0,457.0,589.0,59.0,50.0,52.0,98.0,134.0,456.0,36.0,89.0,35.0,13.0,19.0,58.0,47.0,360.0,549.0,31.0
2018-11-26 00:00:00,395.01995012468825,455.4114713216957,30.0,206.0,13.0,572.2344139650872,1500.8778054862842,1873.1271820448876,320.0,252.0,761.0,935.5,4473.0,446.0,598.0,27.0,73.0,23.0,141.0,130.0,446.0,43.0,140.0,49.0,11.0,7.0,23.0,34.0,481.0,982.0,33.0
2018-11-27 00:00:00,370.26932668329175,430.66084788029923,17.0,231.0,16.0,537.5835411471321,1420.6857855361595,1768.1845386533666,359.0,218.0,700.0,883.5,4685.0,461.0,621.0,25.0,94.0,5.0,171.0,122.0,423.0,50.0,46.0,55.0,18.0,9.0,24.0,30.0,484.0,944.0,37.0
2018-11-28 00:00:00,349.4788029925187,405.91022443890273,36.0,287.0,2.0,505.90274314214463,1341.4837905236907,1672.152119700748,386.0,221.0,748.0,869.0,4622.0,493.0,643.0,26.0,86.0,310.0,349.0,116.0,392.0,102.0,86.0,60.0,7.0,12.0,25.0,26.0,423.0,862.0,37.0
2018-11-29 00:00:00,397.0,462.34164588528677,39.0,249.0,16.0,581.14463840399,1521.6683291770573,1897.8778054862842,373.0,236.0,746.0,815.5,4650.0,498.0,641.0,22.0,116.0,436.0,336.0,131.0,452.0,105.0,116.0,66.0,19.0,12.0,54.0,57.0,757.0,951.0,45.0
2018-11-30 00:00:00,399.97007481296754,469.2718204488778,57.0,270.0,18.0,588.074812967581,1548.3990024937655,1922.6284289276807,440.0,287.0,671.0,876.0,5051.0,560.0,702.0,24.0,92.0,202.0,5.0,134.0,456.0,217.0,305.0,61.0,25.0,19.0,80.0,76.0,515.0,994.0,63.0
2018-12-01 00:00:00,434.6209476309227,507.8827930174563,37.0,153.0,22.0,631.6359102244389,1677.1022443890274,2086.9725685785534,216.0,204.0,770.0,1045.5,3889.0,588.0,650.0,47.0,76.0,4.0,no data,149.0,497.0,2.0,9.0,69.0,13.0,26.0,68.0,76.0,332.0,624.0,43.0
2018-12-02 00:00:00,443.5311720698254,518.7730673316709,35.0,182.0,18.0,617.7755610972569,1629.581047381546,2020.640897755611,287.0,187.0,856.0,1026.0,3022.0,604.0,698.0,90.0,46.0,1.0,no data,142.0,481.0,3.0,14.0,45.0,10.0,9.0,57.0,72.0,327.0,524.0,19.0
2018-12-03 00:00:00,430.66084788029923,505.90274314214463,36.0,199.0,26.0,602.925187032419,1581.0698254364088,1974.1097256857854,330.0,204.0,772.0,1014.5,4824.0,553.0,660.0,37.0,63.0,136.0,no data,139.0,469.0,80.0,101.0,43.0,15.0,19.0,69.0,78.0,481.0,1016.0,46.0
2018-12-04 00:00:00,410.860349127182,476.2019950124688,30.0,243.0,12.0,571.2443890274315,1493.9476309226932,1869.1670822942642,353.0,221.0,749.0,1055.5,4774.0,502.0,647.0,33.0,103.0,176.0,no data,130.0,443.0,235.0,316.0,51.0,22.0,12.0,64.0,61.0,453.0,966.0,5.0
2018-12-05 00:00:00,385.1197007481297,452.44139650872813,27.0,244.0,16.0,533.6234413965087,1408.8054862842891,1755.3142144638402,377.0,242.0,868.0,958.5,4614.0,536.0,635.0,21.0,112.0,9.0,no data,121.0,421.0,144.0,206.0,51.0,16.0,19.0,48.0,51.0,545.0,979.0,18.0
2018-12-06 00:00:00,437.59102244389027,509.8628428927681,27.0,225.0,27.0,609.85536159601,1603.8403990024938,1994.9002493765583,352.0,231.0,700.0,955.5,4821.0,553.0,657.0,32.0,100.0,52.0,no data,139.0,477.0,93.0,177.0,63.0,17.0,17.0,50.0,75.0,523.0,955.0,33.0
2018-12-07 00:00:00,443.5311720698254,518.7730673316709,53.0,273.0,20.0,618.7655860349126,1630.571072319202,2021.6309226932667,406.0,256.0,688.0,989.5,4987.0,586.0,694.0,32.0,104.0,148.0,no data,142.0,481.0,309.0,375.0,55.0,32.0,25.0,71.0,79.0,503.0,938.0,46.0
2018-12-08 00:00:00,481.15211970074813,559.3640897755611,30.0,161.0,30.0,667.2768079800499,1760.2643391521196,2191.915211970075,378.0,207.0,773.0,904.5,3997.0,687.0,744.0,74.0,76.0,57.0,no data,154.0,519.0,0.0,2.0,41.0,10.0,23.0,74.0,98.0,381.0,687.0,47.0
2018-12-09 00:00:00,443.5311720698254,518.7730673316709,33.0,165.0,24.0,618.7655860349126,1630.571072319202,2021.6309226932667,311.0,180.0,778.0,921.5,3127.0,619.0,738.0,97.0,63.0,3.0,no data,142.0,481.0,0.0,2.0,37.0,16.0,17.0,58.0,53.0,307.0,544.0,39.0
2018-12-10 00:00:00,430.66084788029923,505.90274314214463,35.0,178.0,30.0,602.925187032419,1581.0698254364088,1974.1097256857854,335.0,234.0,780.0,918.5,4668.0,524.0,658.0,38.0,87.0,17.0,no data,139.0,469.0,121.0,125.0,62.0,23.0,22.0,56.0,72.0,455.0,929.0,44.0
2018-12-11 00:00:00,410.860349127182,476.2019950124688,37.0,220.0,27.0,571.2443890274315,1493.9476309226932,1869.1670822942642,332.0,227.0,659.0,1010.5,4768.0,503.0,661.0,15.0,108.0,61.0,no data,130.0,443.0,297.0,329.0,67.0,20.0,11.0,50.0,52.0,462.0,917.0,26.0
2018-12-12 00:00:00,385.1197007481297,452.44139650872813,35.0,277.0,21.0,533.6234413965087,1408.8054862842891,1755.3142144638402,362.0,243.0,730.0,993.0,4567.0,528.0,674.0,32.0,108.0,49.0,no data,121.0,421.0,44.0,96.0,62.0,33.0,34.0,80.0,81.0,441.0,943.0,31.0
2018-12-13 00:00:00,437.59102244389027,509.8628428927681,65.0,237.0,16.0,609.85536159601,1603.8403990024938,1994.9002493765583,378.0,229.0,767.0,1002.5,4802.0,578.0,680.0,44.0,120.0,no data,no data,139.0,477.0,27.0,90.0,62.0,19.0,28.0,54.0,66.0,460.0,932.0,56.0
2018-12-14 00:00:00,443.5311720698254,518.7730673316709,69.0,217.0,20.0,618.7655860349126,1630.571072319202,2021.6309226932667,345.0,239.0,741.0,743.5,4969.0,639.0,742.0,40.0,107.0,no data,no data,142.0,481.0,33.0,54.0,87.0,19.0,17.0,60.0,84.0,508.0,1009.0,34.0
2018-12-15 00:00:00,481.15211970074813,559.3640897755611,64.0,145.0,23.0,667.2768079800499,1760.2643391521196,2191.915211970075,367.0,195.0,658.0,342.5,4009.0,571.0,631.0,52.0,83.0,no data,no data,154.0,519.0,0.0,0.0,55.0,15.0,26.0,72.0,57.0,323.0,604.0,41.0
2018-12-16 00:00:00,443.5311720698254,518.7730673316709,41.0,138.0,27.0,618.7655860349126,1630.571072319202,2021.6309226932667,313.0,200.0,754.0,264.5,3154.0,538.0,652.0,66.0,54.0,no data,no data,142.0,481.0,0.0,0.0,34.0,18.0,29.0,69.0,49.0,302.0,496.0,36.0
2018-12-17 00:00:00,430.66084788029923,505.90274314214463,40.0,197.0,34.0,602.925187032419,1581.0698254364088,1974.1097256857854,320.0,192.0,735.0,284.0,4623.0,553.0,662.0,45.0,73.0,no data,no data,139.0,469.0,37.0,117.0,68.0,27.0,29.0,73.0,62.0,450.0,840.0,36.0
2018-12-18 00:00:00,410.860349127182,476.2019950124688,45.0,182.0,42.0,571.2443890274315,1493.9476309226932,1869.1670822942642,337.0,203.0,736.0,486.0,4702.0,590.0,709.0,28.0,100.0,no data,no data,130.0,443.0,29.0,119.0,55.0,24.0,23.0,60.0,63.0,439.0,870.0,28.0
2018-12-19 00:00:00,385.1197007481297,452.44139650872813,55.0,no data,54.0,533.6234413965087,1408.8054862842891,1755.3142144638402,344.0,213.0,717.0,580.0,4747.0,537.0,657.0,44.0,98.0,no data,no data,121.0,421.0,47.0,106.0,53.0,29.0,12.0,76.0,74.0,447.0,914.0,42.0
2018-12-20 00:00:00,437.59102244389027,509.8628428927681,70.0,no data,56.0,609.85536159601,1603.8403990024938,1994.9002493765583,340.0,246.0,672.0,729.5,4796.0,525.0,662.0,33.0,103.0,no data,no data,139.0,477.0,11.0,24.0,89.0,21.0,49.0,112.0,96.0,510.0,924.0,36.0
2018-12-21 00:00:00,443.5311720698254,518.7730673316709,61.0,no data,38.0,618.7655860349126,1630.571072319202,2021.6309226932667,423.0,247.0,663.0,870.5,4819.0,572.0,686.0,36.0,95.0,no data,no data,142.0,481.0,36.0,104.0,89.0,18.0,29.0,107.0,86.0,517.0,917.0,48.0
2018-12-22 00:00:00,481.15211970074813,559.3640897755611,62.0,no data,50.0,667.2768079800499,1760.2643391521196,2191.915211970075,377.0,217.0,830.0,981.5,3892.0,629.0,742.0,57.0,30.0,no data,no data,154.0,519.0,3.0,4.0,48.0,14.0,17.0,96.0,80.0,317.0,592.0,42.0
2018-12-23 00:00:00,443.5311720698254,518.7730673316709,62.0,no data,35.0,618.7655860349126,1630.571072319202,2021.6309226932667,301.0,178.0,785.0,924.5,3156.0,590.0,704.0,78.0,56.0,no data,no data,142.0,481.0,0.0,0.0,28.0,6.0,29.0,80.0,59.0,294.0,474.0,29.0
2018-12-24 00:00:00,430.66084788029923,505.90274314214463,27.0,no data,29.0,602.925187032419,1581.0698254364088,1974.1097256857854,290.0,90.0,725.0,824.0,3587.0,602.0,728.0,53.0,27.0,no data,no data,139.0,469.0,38.0,42.0,68.0,16.0,22.0,92.0,70.0,344.0,578.0,34.0
2018-12-25 00:00:00,410.860349127182,476.2019950124688,11.0,no data,20.0,571.2443890274315,1493.9476309226932,1869.1670822942642,152.0,50.0,759.0,651.0,1744.0,470.0,594.0,52.0,11.0,no data,no data,130.0,443.0,9.0,15.0,29.0,5.0,13.0,38.0,29.0,99.0,200.0,13.0
2018-12-26 00:00:00,385.1197007481297,452.44139650872813,42.0,no data,22.0,533.6234413965087,1408.8054862842891,1755.3142144638402,194.0,116.0,838.0,517.0,2742.0,549.0,672.0,80.0,23.0,no data,no data,121.0,421.0,11.0,18.0,40.0,25.0,15.0,55.0,31.0,214.0,359.0,22.0
2018-12-27 00:00:00,437.59102244389027,509.8628428927681,54.0,no data,33.0,609.85536159601,1603.8403990024938,1994.9002493765583,249.0,169.0,653.0,321.5,3896.0,597.0,668.0,39.0,76.0,no data,no data,139.0,477.0,25.0,34.0,52.0,25.0,15.0,100.0,55.0,305.0,628.0,24.0
2018-12-28 00:00:00,443.5311720698254,518.7730673316709,48.0,no data,28.0,618.7655860349126,1630.571072319202,2021.6309226932667,287.0,196.0,716.0,267.5,4059.0,588.0,707.0,73.0,52.0,no data,no data,142.0,481.0,31.0,40.0,77.0,15.0,13.0,117.0,85.0,386.0,740.0,50.0
2018-12-29 00:00:00,481.15211970074813,559.3640897755611,35.0,no data,41.0,667.2768079800499,1760.2643391521196,2191.915211970075,282.0,158.0,598.0,433.5,3318.0,625.0,709.0,74.0,39.0,no data,no data,154.0,519.0,17.0,30.0,62.0,7.0,10.0,66.0,48.0,263.0,462.0,36.0
2018-12-30 00:00:00,443.5311720698254,518.7730673316709,54.0,no data,45.0,618.7655860349126,1630.571072319202,2021.6309226932667,255.0,135.0,788.0,452.5,2754.0,579.0,672.0,50.0,29.0,no data,no data,142.0,481.0,13.0,14.0,34.0,15.0,24.0,47.0,52.0,278.0,459.0,30.0
2018-12-31 00:00:00,6.930174563591022,7.920199501246882,0.0,no data,2.0,9.900249376558603,27.720698254364088,33.66084788029925,24.0,3.0,48.0,26.0,74.0,28.0,41.0,1.0,1.0,no data,no data,2.0,7.0,0.0,0.0,2.0,0.0,1.0,3.0,2.0,5.0,13.0,0.0
